,ID,X,Y,YEAR,PresenceAb,Percent_Cov,X0415_blue,blue,green,red,nir
1,203,-110.2990036,39.01570129,2016,0,0,2789.502556,0.771306495,-511710.1877,0.165819384,2954.476349
2,422,-110.3649979,38.87530136,2016,0,0,2447.646766,0.788604595,-846262.2151,0.222359607,2694.71291
3,GR217,-110.181807,38.905561,2017,0,0,2367.80935,0.767187554,-335192.5244,0.154630731,2607.06992
4,432,-110.223999,38.97869873,2016,0,0,2363.589501,0.782478987,-613969.0728,0.199784281,2590.450362
5,276,-110.2310028,39.02970123,2016,0,0,2357.759308,0.765532426,-395651.8484,0.182212445,2748.391053
6,219,-109.8529968,38.82740021,2016,0,0,2245.197914,0.779488588,-630803.8233,0.207729779,2683.31192
7,468,-109.4560013,38.90869904,2016,0,0,2170.997422,0.783055668,-561838.8633,0.185996379,2531.829872
8,5,-109.9520035,38.92200089,2016,0,0,2170.414742,0.774988641,-503583.2943,0.19509681,2616.199788
9,449,-110.0979996,39.07450104,2016,0,0,2152.76009,0.774766585,-384811.7753,0.178602711,2374.123975
10,401,-109.3889999,39.03440094,2016,0,0,2110.603822,0.785088276,-517055.1268,0.200211193,2300.196254
11,238,-109.9339981,38.90140152,2016,0,0,2057.59374,0.784134986,-589440.9802,0.211889168,2424.598212
12,3,-109.586998,38.92630005,2016,0,0,2028.710939,0.788909379,-628024.9876,0.207103011,2388.680473
13,37,-109.4100037,39.08390045,2016,0,0,1965.634994,0.787257396,-458294.3079,0.191512092,2148.944874
14,116,-110.0279999,38.86619949,2016,0,0,1957.448566,0.785432461,-437182.9122,0.220482247,2018.973432
15,304,-110.2099991,38.89179993,2016,0,0,1952.553859,0.790826313,-474391.5352,0.19505624,2083.251166
16,201,-109.5410004,38.9742012,2016,0,0,1946.396493,0.798547746,-642253.7855,0.211334394,2157.226867
17,400,-110.3450012,38.93610001,2016,0,0,1932.808625,0.774811759,-234852.6832,0.145672042,1983.734643
18,29,-110.0680008,38.91749954,2016,0,0,1917.516568,0.775661306,-390620.0922,0.195054542,2283.108591
19,99,-110.4349976,38.71319962,2016,0,0,1900.05256,0.792567731,-946671.613,0.294676008,2334.223763
20,317,-110.4649963,38.64889908,2016,0,0,1872.986787,0.779636412,-560171.1081,0.250855008,2304.191506
22,222,-109.3690033,38.88669968,2016,0,0,1863.463106,0.809557882,-842675.0083,0.244324533,2073.849551
23,183,-108.3420029,39.11380005,2016,0,0,1848.039519,0.760313428,-116242.2647,0.117730718,1860.8453
24,312,-110.2850037,39.12659836,2016,0,0,1841.729747,0.785492085,-425211.6804,0.202475808,2066.17964
25,GR520,-110.36555,38.842818,2017,0,0,1837.269282,0.797372643,-590289.237,0.243493873,1955.991632
26,283,-110.1299973,39.02460098,2016,0,0,1833.120722,0.79288523,-532673.8712,0.21579181,2066.278897
27,66,-110.0830002,38.98820114,2016,0,0,1832.997851,0.788693845,-481920.6235,0.208072138,2093.609806
28,182,-108.9749985,39.27809906,2016,0,0,1829.98032,0.812512395,-773829.3718,0.233781134,1979.702634
29,397,-109.4810028,39.03210068,2016,0,0,1829.195771,0.787453884,-393746.8987,0.193854881,1977.765306
30,495,-108.4309998,39.0021019,2016,0,0,1826.085951,0.798436908,-626006.8346,0.219284149,2096.940467
31,474,-109.3960037,38.93040085,2016,0,0,1822.441119,0.788256543,-440179.4003,0.20930979,2005.895328
32,137,-109.7490005,38.93569946,2016,0,0,1817.167328,0.795479355,-587218.1718,0.218041962,2099.835713
33,39,-110.3290024,38.76210022,2016,0,0,1808.946083,0.795207393,-816129.7935,0.276828794,2190.068299
34,0,-110.3860016,38.81230164,2016,0,0,1807.892686,0.794524914,-957406.2708,0.30391258,2252.016659
35,341,-110.2460022,38.80739975,2016,0,0,1786.795333,0.79689165,-673874.6861,0.267175993,1996.477877
36,269,-110.2850037,38.75510025,2016,0,0,1783.975433,0.805956709,-1169085.447,0.327309708,2106.942507
37,233,-109.5459976,38.92499924,2016,0,0,1760.096584,0.808946171,-635479.6631,0.227007547,1878.740319
38,311,-109.5,39.04560089,2016,0,0,1756.214289,0.788638506,-425417.0726,0.203408516,1987.667206
39,192,-109.2679977,39.19440079,2016,0,0,1750.651988,0.804407779,-610301.5353,0.223814338,1933.536388
40,376,-109.2860031,38.88639832,2016,0,0,1749.527189,0.797270031,-617100.7978,0.238237122,2024.483033
41,355,-109.0960007,39.23680115,2016,0,0,1736.803096,0.814401275,-907295.4692,0.252001178,2028.657439
42,294,-109.038002,39.34809875,2016,0,0,1734.777459,0.802046891,-574635.1108,0.220872115,1931.440892
43,156,-110.1880035,38.97320175,2016,0,0,1728.426995,0.769285201,-199099.7771,0.161396144,1918.202285
44,94,-110.1139984,38.8158989,2016,0,0,1726.537821,0.800284284,-1042469.601,0.328228452,2097.585354
45,GR022,-110.179932,38.906398,2017,0,0,1722.82738,0.805340786,-451415.1151,0.199111397,1735.942823
46,25,-109.3209991,39.13240051,2016,0,0,1715.382688,0.789923843,-446972.4799,0.200210589,2021.074589
47,377,-110.038002,39.04439926,2016,0,0,1714.959631,0.796819368,-541405.81,0.22200053,1971.700234
48,272,-109.9520035,38.75049973,2016,0,0,1703.215298,0.802471451,-1115906.86,0.331974057,2106.056951
49,259,-109.8610001,38.96659851,2016,0,0,1697.242561,0.807807586,-579285.2057,0.215281408,1857.808563
50,96,-109.7320023,38.69760132,2016,0,0,1687.050475,0.819792001,-1378587.047,0.334190623,1996.606587
51,144,-109.9830017,38.97460175,2016,0,0,1685.838317,0.797572613,-483686.8206,0.217445958,1867.013667
52,270,-109.5569992,38.85879898,2016,0,0,1681.612917,0.806535322,-607090.1894,0.249329189,1790.695006
53,90,-110.2360001,38.69670105,2016,0,0,1680.874098,0.793381752,-708542.1743,0.290324085,2020.880408
54,GR040,-109.30802,38.810934,2017,0,0,1669.878594,0.804923947,-596180.2128,0.242836637,1826.696247
55,21,-109.4550018,38.89220047,2016,0,0,1666.675752,0.814691297,-653731.8025,0.243028431,1751.0634
56,348,-108.6719971,39.22890091,2016,0,0,1660.749905,0.807593203,-590663.0353,0.215778597,1877.69575
57,GR106,-110.097506,39.165739,2017,0,0,1652.53029,0.807189589,-634995.2985,0.235608632,1874.123442
58,194,-108.6989975,39.31629944,2016,0,0,1644.682368,0.805213319,-621573.1332,0.239318317,1874.011651
59,5661,-110.13485,38.936333,2014,0,0,1641.830969,0.788717751,-350178.2736,0.224004123,1725.73676
60,415,-109.3519974,38.97489929,2016,0,0,1616.424952,0.799374881,-368937.9774,0.197067348,1670.701984
61,46,-109.8420029,38.95069885,2016,0,0,1610.591736,0.822430581,-841426.2166,0.260166102,1796.865505
62,328,-108.8720016,39.29299927,2016,0,0,1607.904833,0.83644495,-1020454.783,0.264709204,1765.530534
63,GR802,-110.179381,38.906252,2017,0,0,1604.131407,0.782525458,-207120.6801,0.162344452,1625.549191
64,180,-108.6159973,39.26210022,2016,0,0,1594.016711,0.829679276,-827001.6105,0.257510049,1694.760919
65,GR803,-110.179408,38.906335,2017,0,0,1586.163227,0.737895521,-28670.52237,0.094759871,1648.544755
66,GR031,-109.633137,38.57442,2017,0,0,1585.138734,0.794986695,-419147.0157,0.236777389,1714.48096
67,372,-108.4820023,39.13679886,2016,0,0,1577.458041,0.809216524,-520165.9592,0.219010049,1724.502572
68,51,-109.1699982,38.80509949,2016,0,0,1572.499418,0.812446288,-589490.2907,0.246117078,1684.36483
69,305,-109.7710037,38.71519852,2016,0,0,1569.795747,0.810057916,-1025543.345,0.337177897,1858.887621
70,GR519,-110.366055,38.840374,2017,0,0,1563.249353,0.804653656,-385127.3285,0.2261553,1525.110377
71,360,-109.973999,38.63750076,2016,0,0,1562.574553,0.816515265,-785132.447,0.28200601,1737.673191
72,187,-109.7939987,38.87609863,2016,0,0,1554.382555,0.862574811,-1357690.597,0.299203464,1602.782598
73,284,-109.2710037,38.97689819,2016,0,0,1547.932562,0.800087116,-380018.2169,0.203874781,1659.770127
74,366,-109.9120026,38.96749878,2016,0,0,1545.572272,0.818486908,-727032.5071,0.26539689,1705.138401
75,GR005,-110.110466,39.14764,2017,0,0,1540.041605,0.857053486,-1342233.892,0.292633991,1669.358633
76,496,-109.3970032,38.8885994,2016,0,0,1537.253381,0.801672494,-416989.63,0.214673239,1673.206373
77,170,-108.8050003,39.17819977,2016,0,0,1535.020879,0.796982761,-450210.7184,0.242137324,1720.256358
78,33,-108.3949966,38.95090103,2016,0,0,1534.43027,0.80947118,-539252.7202,0.236674257,1687.718555
79,32,-109.3519974,38.82310104,2016,0,0,1528.730804,0.81784282,-988110.5234,0.322178023,1764.640908
80,419,-108.5449982,38.99240112,2016,0,0,1528.168881,0.794149188,-342425.1317,0.215542951,1635.307747
81,7,-109.0240021,39.33919907,2016,0,0,1523.964691,0.841036845,-1036953.594,0.286768971,1644.206542
82,441,-109.4290009,39.64730072,2016,0,0,1521.599399,0.869846139,-1610561.725,0.317917717,1608.782601
83,168,-108.9089966,39.24509811,2016,0,0,1521.106347,0.830757116,-889397.8418,0.277873528,1668.734377
84,321,-110.5459976,38.39350128,2016,0,0,1504.618773,0.80411543,-621227.8755,0.302127298,1653.058913
85,GR309,-110.266642,39.249556,2017,0,0,1502.669791,0.813352245,-471319.2668,0.227290321,1555.210084
86,307,-109.1780014,39.10540009,2016,0,0,1496.327331,0.824164372,-690712.0938,0.25226235,1633.468566
87,430,-110.0719986,39.79359818,2016,0,0,1495.636593,0.81265552,-462774.0358,0.220879802,1571.498834
88,191,-109.4749985,38.71060181,2016,0,0,1491.603113,0.826345191,-1088543.453,0.321855033,1732.212248
89,451,-109.8300018,38.67490005,2016,0,0,1486.092927,0.819142366,-1191401.277,0.369498057,1721.526243
90,26,-110.1009979,38.65950012,2016,0,0,1485.703203,0.813812191,-974658.9153,0.334724119,1763.05919
91,405,-109.2919998,39.21289825,2016,0,0,1481.150582,0.813611096,-588558.5022,0.248029704,1659.295231
92,330,-110.310997,38.47330093,2016,0,0,1480.430622,0.808347054,-795652.8264,0.326400537,1703.78496
93,GR008,-110.11391,39.156574,2017,0,0,1479.92512,0.826990165,-626715.2769,0.239306302,1565.108088
94,158,-108.8769989,39.09289932,2016,0,0,1477.093648,0.861127454,-1483436.654,0.313788443,1635.716821
95,347,-109.2480011,39.59859848,2016,0,0,1474.869148,0.844428029,-912199.9044,0.260621591,1595.627793
96,361,-109.7679977,39.61579895,2016,0,0,1468.666265,0.837463232,-1045375.931,0.279461572,1718.690935
97,12,-110.3980026,38.45740128,2016,0,0,1459.62468,0.817780276,-1468759.255,0.389625912,1844.097146
98,181,-108.1999969,39.39049911,2016,0,0,1457.647219,0.821284681,-626949.2477,0.247029403,1609.999848
99,109,-108.9430008,39.29800034,2016,0,0,1456.44029,0.835130375,-781810.8289,0.268360043,1547.60318
100,371,-110.1529999,38.98500061,2016,0,0,1448.332728,0.824545205,-467753.5316,0.232198075,1398.813156
101,413,-110.1190033,39.09859848,2016,0,0,1440.62046,0.795564451,-262803.8731,0.174458866,1537.237048
102,153,-109.4850006,39.09049988,2016,0,0,1439.318516,0.799107676,-331910.6835,0.206069867,1559.468758
103,258,-108.9729996,38.20429993,2016,0,0,1438.761612,0.813002951,-549991.3197,0.265676686,1552.732918
104,97,-110,39.72449875,2016,0,0,1432.432137,0.848529504,-1205045.113,0.299714558,1640.786458
105,421,-109.3939972,38.42630005,2016,0,0,1430.044864,0.829624645,-823755.1914,0.286812697,1588.327005
106,337,-109.3970032,39.0060997,2016,0,0,1429.981787,0.820161034,-575217.7324,0.268868216,1485.07545
107,381,-108.487999,39.20069885,2016,0,0,1429.702422,0.799346583,-315275.4618,0.201302417,1531.413361
108,263,-110.038002,39.64580154,2016,0,0,1429.142539,0.826562033,-770923.908,0.266512002,1643.058472
109,133,-109.3379974,38.96699905,2016,0,0,1423.678305,0.825238662,-520288.6621,0.242974063,1434.177629
110,356,-109.3119965,38.86149979,2016,0,0,1420.832608,0.813474903,-465425.0125,0.241575962,1497.844575
111,189,-110.1900024,38.50780106,2016,0,0,1416.999529,0.81827258,-1402373.73,0.391695977,1785.889406
112,GR025,-109.584585,38.562187,2017,0,0,1414.639072,0.824755371,-681770.0832,0.283150646,1511.414419
113,396,-108.3580017,39.10189819,2016,0,0,1413.907393,0.859274979,-960667.6731,0.289801077,1402.76636
114,479,-109.0979996,39.13840103,2016,0,0,1411.584448,0.826485937,-701943.7594,0.283935073,1510.738049
115,314,-110.1949997,38.6631012,2016,0,0,1408.223706,0.805743036,-1002598.291,0.387909603,1701.34654
116,426,-108.6350021,38.08140182,2016,0,0,1405.280594,0.821860636,-654572.0025,0.253134605,1616.316185
117,175,-110.2109985,39.32369995,2016,0,0,1400.71791,0.836247357,-655105.0735,0.258906073,1434.511529
118,408,-108.6220016,39.04380035,2016,0,0,1399.081831,0.82922499,-735060.6302,0.28794367,1501.193003
119,292,-109.5370026,38.19589996,2016,0,0,1387.194882,0.826336063,-1062205.953,0.343533204,1629.826343
120,123,-109.4729996,38.92639923,2016,0,0,1386.765549,0.826503309,-515822.3974,0.258561125,1367.947897
121,226,-109.1200027,39.25170135,2016,0,0,1385.820988,0.849662137,-921990.7608,0.299132673,1426.935644
122,349,-108.4769974,39.0760994,2016,0,0,1381.112,0.837610758,-565900.5634,0.242506919,1367.799648
123,80,-109.1299973,39.27000046,2016,0,0,1380.781369,0.867083622,-1378796.669,0.325959465,1484.283122
124,437,-109.651001,38.56600189,2016,0,0,1377.282017,0.818298949,-736801.7339,0.334430028,1477.069306
125,117,-109.302002,38.92810059,2016,0,0,1373.938908,0.793231407,-226409.3648,0.187766162,1423.362145
126,GR504,-110.105229,39.132962,2017,0,0,1370.452078,0.715741109,-1387.706125,0.049291669,1410.331115
127,167,-110.2870026,38.48490143,2016,0,0,1370.351042,0.819514525,-1175669.118,0.381240032,1658.963033
128,279,-108.9179993,39.35929871,2016,0,0,1368.394563,0.844522008,-866343.8461,0.287335161,1466.842276
129,93,-108.9550018,39.23690033,2016,0,0,1367.41428,0.829704808,-584916.8576,0.259500287,1419.113884
130,179,-109.2929993,39.62810135,2016,0,0,1366.76091,0.858019899,-1078767.532,0.291372587,1492.265325
131,439,-108.5299988,39.20330048,2016,0,0,1364.983578,0.830035539,-593983.3059,0.255924008,1437.538158
132,224,-109.0680008,39.10710144,2016,0,0,1364.966864,0.822192502,-543357.0859,0.270679003,1414.524063
133,GR817,-109.310354,38.810584,2017,0,0,1362.314632,0.854398088,-899910.7174,0.288133243,1402.641144
134,GR512,-110.264797,39.246581,2017,0,0,1360.027978,0.841230765,-582620.2729,0.251874715,1327.293164
135,GR420,-108.827646,38.428917,2017,0,0,1355.577401,0.821662795,-463357.5829,0.250497721,1369.909463
136,112,-110.012001,38.30199814,2016,0,0,1353.877469,0.808637289,-578712.0215,0.309865716,1503.69494
137,10,-108.6320038,39.13330078,2016,0,0,1344.730027,0.791109118,-204982.7743,0.187972168,1385.865818
138,383,-108.737999,39.03910065,2016,0,0,1343.073978,0.848502794,-872659.3439,0.294751194,1411.931494
139,379,-110.1809998,38.61980057,2016,0,0,1341.260409,0.81842067,-1040055.877,0.376111683,1593.418015
140,58,-109.0899963,39.18030167,2016,0,0,1340.581013,0.830427996,-604725.6884,0.274003233,1391.111136
141,493,-108.5940018,38.07709885,2016,0,0,1339.334079,0.814902842,-402711.1555,0.225304482,1424.566158
142,208,-108.8919983,39.23680115,2016,0,0,1335.09359,0.814409407,-343941.636,0.218129023,1342.290958
143,228,-109.5169983,39.58240128,2016,0,0,1334.664423,0.853202447,-1039386.728,0.300710051,1477.091021
144,GR015,-110.071557,39.205041,2017,0,0,1332.653886,0.879733918,-1286498.597,0.312365255,1382.609364
145,161,-109.1699982,39.25429916,2016,0,0,1331.012427,0.837527286,-674327.8074,0.272051361,1402.258877
146,111,-108.7770004,38.04550171,2016,0,0,1327.871354,0.830981406,-605390.7269,0.260092884,1428.386164
147,465,-109.1999969,39.04520035,2016,0,0,1327.554794,0.835116732,-729421.8067,0.300603118,1393.713801
148,49,-109.8889999,38.27019882,2016,0,0,1326.611172,0.824057686,-1039760.933,0.38184144,1502.537698
149,250,-109.689003,39.57360077,2016,0,0,1323.679755,0.84808283,-670832.7413,0.260862602,1335.953766
150,262,-109.552002,38.47639847,2016,0,0,1323.115042,0.836024601,-966771.5855,0.348292985,1432.926242
151,235,-108.5479965,39.23419952,2016,0,0,1322.989038,0.829602511,-541104.3922,0.24913937,1396.60724
152,75,-109.1090012,39.21519852,2016,0,0,1322.482852,0.837051925,-679508.6699,0.285982731,1370.244568
153,218,-109.1880035,38.90439987,2016,0,0,1307.885344,0.837277651,-794225.7168,0.32375954,1360.782438
154,184,-108.5830002,39.06510162,2016,0,0,1305.028913,0.882640231,-1145540.013,0.308491109,1296.983828
155,370,-109.0339966,39.36190033,2016,0,0,1304.435853,0.866585169,-1163991.764,0.326322427,1366.469932
156,234,-109.3720016,39.17879868,2016,0,0,1301.558793,0.818506305,-426277.1992,0.236813385,1387.85758
157,457,-108.7890015,39.36930084,2016,0,0,1300.669094,0.838008905,-701543.0845,0.278395349,1406.072325
158,165,-108.6660004,39.12080002,2016,0,0,1295.483465,0.835004703,-429012.1739,0.238674166,1222.877039
159,GR501,-110.102421,39.133458,2017,0,0,1295.018903,0.762815847,-60107.30522,0.104538654,1315.79995
160,254,-109.401001,38.19509888,2016,0,0,1292.314144,0.808121689,-562116.6431,0.319799688,1456.508673
161,331,-109.0270004,39.17089844,2016,0,0,1291.945399,0.83638312,-789962.6743,0.321780349,1371.653009
162,142,-109.401001,39.13410187,2016,0,0,1291.475341,0.850622285,-804332.9898,0.303083053,1313.410426
163,61,-109.1320038,39.11349869,2016,0,0,1289.043531,0.834812121,-599703.2922,0.272151061,1347.537374
164,438,-108.5889969,38.99679947,2016,0,0,1287.087434,0.827262654,-494317.264,0.255599528,1339.912902
165,GR401,-110.10903,39.13149,2017,0,0,1285.992661,0.705156588,-67.21053908,0.017881074,1365.992823
166,473,-109.6009979,38.46910095,2016,0,0,1285.756115,0.835625967,-996638.0512,0.364797908,1404.81155
167,GR035,-109.532962,38.609176,2017,0,0,1284.78881,0.867485415,-1238146.789,0.349801099,1329.922978
168,20,-109.5830002,38.59960175,2016,0,0,1283.301263,0.793754057,-159079.421,0.187258686,1187.864319
169,31,-109.9530029,38.25590134,2016,0,0,1281.610884,0.829753545,-863640.4727,0.356253397,1391.464489
170,221,-108.3960037,38.99850082,2016,0,0,1280.125565,0.861739456,-775744.0578,0.278460959,1273.873971
171,101,-109.6569977,38.32619858,2016,0,0,1279.703804,0.80983487,-480998.536,0.303314808,1375.955081
172,69,-109.6060028,38.46860123,2016,0,0,1279.3372,0.812158807,-825394.3754,0.395237028,1431.420747
173,GR805,-109.580068,38.570751,2017,0,0,1275.577858,0.863487403,-880394.9808,0.312323525,1247.520425
174,273,-108.1610031,39.38529968,2016,0,0,1274.51305,0.820050809,-378382.3412,0.247320815,1262.732041
175,378,-108.4260025,38.79140091,2016,0,0,1273.824929,0.817027843,-454222.1709,0.262275408,1373.598545
176,GR225,-109.558973,38.604096,2017,0,0,1273.816034,0.845153505,-572550.0587,0.279326145,1208.599503
177,296,-109.9150009,38.33369827,2016,0,0,1267.366457,0.817802979,-636233.4367,0.337315878,1369.337894
178,127,-109.072998,39.2806015,2016,0,0,1266.828191,0.839405964,-677958.8847,0.294468823,1321.967026
179,GR209,-110.079137,39.192335,2017,0,0,1266.755243,0.8810832,-1091922.777,0.307748138,1278.219327
180,490,-108.9759979,39.36330032,2016,0,0,1266.699378,0.86878086,-1054988.818,0.328455637,1279.270263
181,309,-109.1299973,39.37939835,2016,0,0,1265.351858,0.848951926,-762556.368,0.288545802,1334.151253
182,141,-108.5690002,38.99779892,2016,0,0,1264.630654,0.844260538,-630625.1992,0.268685218,1305.471769
183,446,-109.2139969,38.74940109,2016,0,0,1263.151033,0.833124158,-621400.5808,0.301176423,1303.205592
184,52,-108.961998,39.43600082,2016,0,0,1262.035097,0.895768657,-1844542.176,0.363893326,1364.611671
185,386,-109.2399979,39.09360123,2016,0,0,1260.200745,0.852852613,-733651.2104,0.296582449,1255.082938
186,152,-109.3690033,38.74779892,2016,0,0,1260.071023,0.807077527,-535071.9848,0.350348664,1339.353978
187,18,-109.3170013,39.06290054,2016,0,0,1255.736511,0.838781703,-667244.3774,0.308689113,1276.519527
188,242,-110.0159988,38.62260056,2016,0,0,1255.271163,0.310771256,-727063.6107,-0.37011828,1370.760239
189,GR301,-110.106657,39.132725,2017,0,0,1255.258,0.648936179,-36972.92153,-0.068136875,1283.661221
190,GR202,-110.100261,39.13481,2017,0,0,1254.940422,0.855299623,-609083.1,0.247229293,1253.609166
191,67,-109.552002,39.04710007,2016,0,0,1254.110588,0.841850226,-510757.3459,0.258885323,1219.23837
192,252,-109.6729965,38.3280983,2016,0,0,1253.844504,0.816553237,-911454.8438,0.389384482,1468.660016
193,351,-108.4290009,38.85139847,2016,0,0,1253.614512,0.81745752,-438134.1733,0.269570524,1323.309582
194,GR530,-108.834366,38.432263,2017,0,0,1252.681361,0.843022089,-601742.6081,0.252570948,1330.909482
195,391,-108.9219971,38.082901,2016,0,0,1251.821329,0.828281461,-579264.6762,0.288858169,1339.507398
196,100,-109.4380035,38.29399872,2016,0,0,1241.693382,0.836491658,-998892.9433,0.362178302,1406.357044
197,299,-110.151001,39.62779999,2016,0,0,1238.960171,0.844545778,-550383.3924,0.268874184,1216.884581
198,458,-109.322998,38.16019821,2016,0,0,1234.939385,0.824794578,-663298.2806,0.329201753,1346.29972
199,91,-108.5579987,38.07730103,2016,0,0,1232.460402,0.830443394,-461435.7095,0.245385309,1292.084174
200,444,-108.6669998,39.11149979,2016,0,0,1230.690343,0.282161544,-524170.3315,-0.448568124,1310.417552
201,443,-109.8570023,38.55450058,2016,0,0,1227.948481,0.845589916,-1017606.153,0.365647216,1324.621237
202,291,-108.5780029,39.23609924,2016,0,0,1226.373249,0.837399822,-501696.019,0.253444764,1260.095644
203,104,-109.9459991,38.42969894,2016,0,0,1223.233537,0.831043023,-682691.4021,0.335692393,1284.145397
204,110,-108.4029999,39.11090088,2016,0,0,1222.477521,0.868762526,-886776.0541,0.31211628,1216.537159
205,GR028,-109.590905,38.556271,2017,0,0,1218.182005,0.926813075,-3590076.565,0.436385274,1407.696853
206,92,-108.2590027,39.31470108,2016,0,0,1216.933203,0.845806077,-644669.0448,0.297865906,1226.372497
207,253,-108.3939972,39.23550034,2016,0,0,1215.495886,0.870136193,-807258.9334,0.294600438,1197.476926
208,244,-109.1959991,39.36309814,2016,0,0,1209.723903,0.876301976,-963913.8039,0.296343062,1261.789867
209,212,-109.5579987,38.3443985,2016,0,0,1209.304905,0.840105899,-766699.4961,0.337805406,1270.626314
210,174,-109.5940018,38.60300064,2016,0,0,1207.839987,0.819464701,-726530.1653,0.370977017,1336.411081
211,257,-108.3170013,39.48239899,2016,0,0,1207.514568,0.815133531,-273752.2466,0.219334394,1187.258319
212,447,-108.9530029,39.24369812,2016,0,0,1205.095393,0.868845986,-797609.238,0.302917555,1176.942475
213,206,-109.612999,39.07709885,2016,0,0,1204.98726,0.860556514,-618159.8181,0.286947962,1124.057799
214,169,-109.2580032,38.89149857,2016,0,0,1202.868797,0.638757293,-48120.63752,-0.075501031,1256.776675
215,216,-110.3759995,38.89749908,2016,0,0,1201.292036,0.770555964,-45810.48934,0.108453125,1006.62819
216,485,-109.4649963,38.59090042,2016,0,0,1200.902348,0.845439354,-745169.4504,0.331383575,1226.802705
217,108,-109.6100006,38.21089935,2016,0,0,1200.871764,0.83078561,-792965.1242,0.361595711,1307.111274
218,398,-108.5360031,38.24810028,2016,0,0,1200.237575,0.919899902,-2512756.526,0.419993421,1259.274544
219,71,-109.3209991,38.7602005,2016,0,0,1197.515345,0.821252748,-517057.5616,0.330248325,1219.55192
220,38,-108.8359985,39.0298996,2016,0,0,1195.406744,0.830316562,-625267.4787,0.309853241,1308.945622
221,442,-109.0910034,39.34700012,2016,0,0,1189.989716,0.880337997,-1132895.09,0.339345621,1217.762552
222,GR421,-108.829019,38.428278,2017,0,0,1187.431812,0.794707118,-123649.6775,0.167199131,1080.636035
223,GR506,-110.112537,39.118611,2017,0,0,1183.279744,0.858766832,-463828.5506,0.24358616,1080.190421
224,445,-108.7450027,38.12659836,2016,0,0,1182.341118,0.832040976,-491561.9525,0.279061178,1226.104752
225,GR034,-109.557903,38.606959,2017,0,0,1181.324352,0.847594279,-451326.6396,0.271771288,1073.852672
226,81,-109.4700012,38.32189941,2016,0,0,1171.41773,0.836703498,-897163.0905,0.376476277,1287.544412
227,387,-109.6460037,38.33039856,2016,0,0,1169.287624,0.812018336,-499038.9975,0.35616564,1220.781454
228,125,-108.3290024,39.37969971,2016,0,0,1164.134686,0.890366895,-1115333.648,0.347472973,1129.79818
229,346,-108.1159973,39.3973999,2016,0,0,1163.253351,0.864932903,-767357.5112,0.311390459,1157.708284
230,135,-109.5049973,39.43909836,2016,0,0,1160.543797,0.852442432,-667914.2486,0.308497576,1169.49892
231,103,-109.2080002,38.26399994,2016,0,0,1154.828696,0.854979925,-799944.7589,0.324784312,1215.427286
232,64,-108.1149979,39.39500046,2016,0,0,1153.184503,0.877690339,-896004.1481,0.326461055,1129.960637
233,290,-109.75,38.44169998,2016,0,0,1151.680734,0.553721561,-180724.5922,-0.144880097,1185.700681
234,193,-109.3850021,39.59170151,2016,0,0,1150.168156,0.890234887,-991940.3187,0.312426831,1153.428644
235,GR118,-109.647004,38.548037,2017,0,0,1147.171867,0.886128866,-854486.4086,0.314110413,1087.692489
236,155,-108.7369995,39.19390106,2016,0,0,1143.910074,0.980543946,-4632390.264,0.476728771,1208.013198
237,333,-108.8889999,39.05849838,2016,0,0,1143.256334,0.865072989,-807305.0091,0.332404604,1132.16212
238,223,-109.4700012,38.49720001,2016,0,0,1142.953634,0.922887889,-2560565.017,0.438078,1201.929566
239,384,-108.9329987,38.34730148,2016,0,0,1141.408759,0.915226573,-1663880.812,0.389129551,1124.139315
240,429,-108.7529984,39.00619888,2016,0,0,1136.755445,0.838274377,-654308.5911,0.325624577,1221.617688
241,196,-109.7409973,39.43709946,2016,0,0,1134.372608,0.885842066,-907925.7704,0.304845399,1145.970256
242,GR231,-109.324063,38.761008,2017,0,0,1134.028996,0.683597868,-6072.044649,-0.001400098,1148.871922
243,423,-109.3499985,38.69850159,2016,0,0,1131.956732,0.823833034,-552461.3823,0.363618972,1144.83013
244,412,-109.9550018,39.53310013,2016,0,0,1129.748577,0.870786718,-701048.396,0.307356799,1081.317864
245,GR529,-108.804319,38.368393,2017,0,0,1129.351774,0.854144937,-681005.5666,0.31901466,1141.761506
246,16,-108.8509979,39.00590134,2016,0,0,1127.930706,0.855364176,-687194.9351,0.31872753,1139.270479
247,368,-108.3440018,39.39640045,2016,0,0,1123.453736,0.834142915,-348018.352,0.243331486,1097.365474
248,324,-108.3150024,39.33190155,2016,0,0,1122.705304,0.837076512,-363461.8176,0.228320482,1134.00368
249,145,-109.3399963,38.68690109,2016,0,0,1122.584639,0.818918018,-465946.8986,0.34519407,1140.731287
250,456,-109.6330032,38.54339981,2016,0,0,1121.007198,-0.229885054,-763026.1828,-0.546795444,1205.174263
251,GR815,-109.482634,38.680275,2017,0,0,1120.686676,0.891990311,-981543.5521,0.333008848,1086.86937
252,197,-108.8909988,39.00910187,2016,0,0,1120.489343,0.856473596,-763314.2044,0.336762026,1145.50348
253,274,-108.6650009,39.19829941,2016,0,0,1118.210455,0.953805458,-2544524.656,0.410726452,1146.670545
254,478,-108.8860016,39.02600098,2016,0,0,1110.499338,0.869984159,-919694.0145,0.340026783,1156.20315
255,246,-108.3610001,39.52489853,2016,0,0,1108.026161,0.850080251,-463316.5583,0.272302699,1069.856914
256,43,-108.9049988,38.98889923,2016,0,0,1107.135456,0.894679199,-1253275.838,0.37401936,1104.346326
257,392,-108.7399979,39.50719833,2016,0,0,1104.976033,0.926190453,-1711069.983,0.388161126,1094.376545
258,79,-109.4179993,38.64569855,2016,0,0,1103.661599,0.878979633,-914168.634,0.352882356,1068.13078
259,230,-108.9380035,38.65129852,2016,0,0,1098.153056,0.845850382,-669008.0057,0.331566455,1158.897366
260,461,-108.6790009,38.34320068,2016,0,0,1096.239217,0.849802379,-469752.113,0.277018262,1068.176721
261,482,-108.7210007,39.13479996,2016,0,0,1093.678088,0.746295565,-14930.60251,0.051448428,1027.175403
262,237,-109.0550003,38.87900162,2016,0,0,1093.341735,0.885733509,-969298.5775,0.344919678,1083.11067
263,365,-108.7590027,39.48020172,2016,0,0,1091.653652,0.888182917,-849468.8358,0.322051181,1055.043645
264,84,-109.7220001,38.41719818,2016,0,0,1091.347883,0.821767467,-529468.045,0.37472847,1110.273601
265,281,-108.6490021,38.14410019,2016,0,0,1087.272074,0.853886476,-453845.3895,0.272985156,1032.837612
266,469,-108.8960037,38.9905014,2016,0,0,1080.315809,0.96166271,-3006128.743,0.459991776,1075.842252
267,102,-109.3759995,38.57220078,2016,0,0,1076.940389,0.874824747,-988738.5524,0.362568801,1109.854104
268,50,-110.3649979,39.04700089,2016,0,0,1076.691787,0.770322756,-42967.0766,0.120947105,953.9322753
269,GR527,-108.804358,38.367333,2017,0,0,1075.813173,0.869392552,-753025.5205,0.323862008,1088.457542
270,411,-108.9380035,38.46620178,2016,0,0,1075.50676,0.88349821,-957671.7007,0.333975762,1115.673332
271,353,-109.4690018,39.25080109,2016,0,0,1070.580187,0.85170513,-501874.1618,0.318126034,996.9602373
272,GR012,-110.07485,39.198778,2017,0,0,1068.620402,0.766929291,-33805.06104,0.092340682,945.362314
273,204,-108.6480026,38.1833992,2016,0,0,1063.155969,0.856131007,-593898.265,0.313903152,1065.689102
274,483,-109.0780029,39.09909821,2016,0,0,1062.976099,1.007696954,-5210859.433,0.515818528,1072.157708
275,448,-108.8069992,39.01750183,2016,0,0,1061.866602,0.846375125,-491996.916,0.306392722,1047.695781
276,160,-108.6360016,39.3783989,2016,0,0,1059.518459,0.875526938,-637959.2663,0.318194045,982.2083202
277,GR528,-108.804487,38.367901,2017,0,0,1058.400112,0.88075189,-862030.5213,0.342966554,1051.483524
278,72,-108.7480011,38.31409836,2016,0,0,1057.876919,0.846096359,-393309.6386,0.259966243,1038.231997
279,98,-109.2429962,39.49140167,2016,0,0,1053.734124,0.892740026,-903028.5228,0.345466957,1010.049988
280,GR321,-108.834636,38.432106,2017,0,0,1053.178403,0.91596938,-1038360.682,0.336521664,999.5981207
281,130,-109.4449997,39.31900024,2016,0,0,1050.089122,0.883739049,-626231.1696,0.308649796,953.6187283
282,480,-108.6220016,38.70280075,2016,0,0,1046.094789,0.864915023,-730488.3339,0.33988312,1059.912864
283,225,-108.7789993,39.18840027,2016,0,0,1044.765575,1.013214771,-5208250.257,0.517291906,1052.67375
284,106,-108.7580032,39.50040054,2016,0,0,1043.935698,0.905030627,-1033715.667,0.357485644,995.2616627
285,166,-108.4449997,39.46110153,2016,0,0,1043.393145,0.86602681,-529004.4355,0.298518154,983.0402514
286,131,-109.9509964,38.22460175,2016,0,0,1040.884944,0.807552513,-201372.4867,0.262776872,993.1714861
287,GR524,-108.817468,38.362067,2017,0,0,1040.696136,0.813643759,-223294.8725,0.232636202,1056.156011
288,287,-109.1210022,38.32910156,2016,0,0,1036.383222,0.976770519,-2984584.969,0.462676935,1016.503579
289,470,-108.4410019,38.75450134,2016,0,0,1032.096292,0.883071141,-738668.4734,0.324584637,1002.885102
290,289,-108.7009964,39.44589996,2016,0,0,1026.706034,0.902917918,-904675.9948,0.341256278,975.0523161
291,88,-108.6709976,38.40750122,2016,0,0,1025.9047,0.855828396,-555474.3701,0.308533978,1044.877293
292,77,-109.2919998,38.21989822,2016,0,0,1024.761447,0.87317252,-806539.4854,0.365306748,1004.810043
293,302,-109.1829987,39.49300003,2016,0,0,1022.108088,0.850607954,-403293.2429,0.272358555,994.8145568
294,498,-108.3759995,38.68370056,2016,0,0,1018.918372,0.870389828,-669511.5657,0.313821585,1043.939687
295,243,-109.362999,38.63550186,2016,0,0,1017.618992,0.851075348,-807151.5213,0.404183515,1040.921072
296,428,-108.5510025,38.80110168,2016,0,0,1017.508682,0.896075872,-1007723.446,0.365397743,1003.892506
297,202,-108.6289978,39.09189987,2016,0,0,1015.217071,0.400794455,-190376.805,-0.408161366,1009.512289
298,247,-109.3420029,39.57970047,2016,0,0,1009.331298,0.871180274,-428813.4088,0.268544598,918.6446582
299,GR413,-108.82842,38.35839,2017,0,0,1000.15292,0.848402677,-497648.2546,0.324837777,998.3916402
300,2,-109.8219986,39.37810135,2016,0,0,994.6860389,0.861866692,-345924.1708,0.258033222,888.5872799
301,60,-109.2249985,38.32839966,2016,0,0,993.2329514,0.900273748,-792726.358,0.347282635,910.8847603
302,GR531,-108.834803,38.432353,2017,0,0,973.3446142,0.914696378,-979989.644,0.355263206,935.4412807
303,214,-109.0579987,38.37929916,2016,0,0,969.0725808,0.888437255,-734613.0038,0.35489743,909.8998217
304,GR523,-108.815008,38.363038,2017,0,0,965.6584838,0.865352532,-491702.7759,0.293273337,962.3323103
305,173,-108.3710022,39.37049866,2016,0,0,964.6411133,0.902238407,-645300.9264,0.324182068,858.373506
306,248,-109.1900024,38.68239975,2016,0,0,960.5770909,0.857264246,-605058.6851,0.364036,953.9680788
307,217,-108.9680023,39.57089996,2016,0,0,960.439173,0.910891801,-989427.3774,0.387897934,885.1034711
308,481,-108.2750015,38.99919891,2016,0,0,955.9442491,0.881827851,-573391.7458,0.318969503,900.3374077
309,17,-108.401001,38.62509918,2016,0,0,951.76565,0.901892841,-1140223.736,0.411504678,933.357534
310,11,-108.5339966,38.11169815,2016,0,0,951.2338163,0.881049403,-554014.4224,0.316994817,892.3579193
311,297,-108.4110031,39.50299835,2016,0,0,948.7349796,0.884065536,-459149.881,0.293298104,843.3444363
312,89,-109.288002,38.54869843,2016,0,0,945.7622356,0.911744291,-908253.4108,0.374052858,872.8714085
313,28,-109.2639999,38.66600037,2016,0,0,938.281426,0.897535843,-881269.0465,0.374157505,913.9210914
314,8,-108.5930023,38.66600037,2016,0,0,916.2754774,0.894041135,-662258.7474,0.365323172,821.675709
315,417,-109.1159973,39.07619858,2016,0,0,906.2175332,1.135724854,-21716768.46,0.702691234,922.0829998
316,459,-108.7369995,38.94820023,2016,0,0,901.6698033,0.898152684,-518038.6885,0.3173509,795.2094966
317,53,-108.2570038,39.24580002,2016,0,0,895.7752773,0.539787464,-62341.66304,-0.275650111,832.4792847
318,433,-109.0360031,39.56129837,2016,0,0,891.345403,0.875866072,-363614.5597,0.303337632,765.1546953
319,316,-109.1480026,39.43370056,2016,0,0,862.4703088,0.988761153,-1614869.947,0.452593055,741.1049199
320,68,-108.8980026,39.54460144,2016,0,0,855.8136096,0.944785419,-817833.1474,0.357541536,759.5259814
321,200,-109.25,38.59540176,2016,0,0,854.0489314,0.950086347,-1010655.604,0.401602916,748.0088642
322,82,-108.7190018,39.47190094,2016,0,0,849.4539436,0.887202629,-342008.2162,0.30895254,692.6974728
323,188,-108.4580002,38.98339844,2016,0,0,834.7436147,0.579093319,-13721.74415,-0.343125816,605.2557046
324,148,-108.6050034,38.46839905,2016,0,0,824.7226098,0.916958361,-584906.8858,0.367038105,697.1009953
325,211,-109.4280014,39.49039841,2016,0,0,813.2837493,0.974213376,-990805.6894,0.391392871,702.8778914
326,476,-108.5110016,38.59980011,2016,0,0,785.9243646,0.909184683,-390454.3447,0.334738212,633.0876881
327,359,-108.723999,39.59030151,2016,0,0,756.2924751,1.008780061,-1421508.344,0.466381836,636.356174
328,484,-108.552002,39.4151001,2016,0,0,660.4112922,1.010307962,-580988.991,0.397317588,480.4529699
329,GR408,-110.268914,39.250877,2017,1,3,1226.061661,0.829493577,-277304.3835,0.205817303,1096.686618
330,GR216,-110.180736,38.905949,2017,1,5,1959.529495,0.78750646,-422647.6294,0.190099112,2063.775127
331,GR102,-110.099882,39.139333,2017,1,5,1845.755855,0.814981068,-958501.9608,0.245305278,2104.602856
332,GR304,-110.11439,39.121352,2017,1,5,1551.567518,0.834060631,-846612.4993,0.254694646,1671.01001
333,GR203,-110.098812,39.137321,2017,1,5,1433.761251,0.858372256,-1062489.275,0.277089681,1524.560696
334,GR006,-110.115689,39.153941,2017,1,5,1387.856538,0.738732369,-24285.62264,0.09779647,1469.357232
335,GR409,-110.367431,38.850262,2017,1,5,1344.165618,0.802050918,-191745.2318,0.185020698,1202.924469
336,GR315,-108.825907,38.360697,2017,1,5,1260.310144,0.834417949,-567543.4925,0.276687319,1301.770652
337,GR016,-110.071604,39.206806,2017,1,5,1245.273731,0.774525724,-88155.78941,0.136080418,1245.256343
338,GR804,-109.583178,38.577995,2017,1,5,1245.248118,0.777710979,-100191.2886,0.147057798,1242.334674
339,GR316,-108.825093,38.360972,2017,1,5,1192.481002,0.786648918,-128926.3489,0.173423401,1192.600329
340,GR230,-109.413267,38.695493,2017,1,5,1188.80978,0.700680292,-781.6752611,0.081445646,1279.051666
341,GR115,-109.590059,38.556772,2017,1,5,1146.534258,0.96505999,-2630471.727,0.428280943,1077.559558
342,GR207,-110.078139,39.194452,2017,1,10,1643.99746,0.776631114,-235279.0765,0.17105368,1837.919687
343,GR215,-110.17935,38.905968,2017,1,10,1578.871336,0.802397676,-351359.5316,0.195510828,1587.400787
344,GR206,-110.077657,39.194856,2017,1,10,1429.139379,0.873215007,-1475869.264,0.309920379,1539.7385
345,GR039,-109.308722,38.811203,2017,1,10,1277.663833,0.797455052,-222348.8262,0.200995476,1312.236943
346,GR515,-110.265999,39.248591,2017,1,10,1274.716104,0.810176373,-223424.7317,0.182363966,1209.893248
347,GR307,-110.267125,39.249985,2017,1,10,1225.095145,0.823277268,-269878.4537,0.208023821,1129.320642
348,GR402,-110.107898,39.132072,2017,1,10,1211.206842,0.683877545,-6035.531716,-0.027029826,1220.401867
349,GR419,-108.827306,38.429639,2017,1,10,1172.609715,0.832512671,-322526.2101,0.244683688,1065.810829
350,GR318,-108.82412,38.361621,2017,1,10,1161.149355,0.774779731,-89176.24816,0.156039613,1198.081823
351,GR811,-109.558528,38.606142,2017,1,10,1134.578936,0.846532416,-379653.4059,0.260345117,1016.379832
352,GR416,-108.803466,38.369997,2017,1,10,1122.492424,0.846106685,-483954.8346,0.273146569,1119.279294
353,GR812,-109.558383,38.607658,2017,1,10,1105.687257,0.867200182,-513434.4581,0.279248365,1003.550647
354,GR417,-108.825792,38.429975,2017,1,10,1036.688214,0.847304215,-298372.0486,0.231158432,954.1761471
355,GR221,-109.588885,38.557403,2017,1,10,1015.032788,0.968136661,-1747098.596,0.407704451,914.3910242
356,GR518,-110.365207,38.840695,2017,1,15,1751.540853,0.799092624,-496950.8235,0.237569943,1785.810561
357,GR212,-110.083708,39.19226,2017,1,15,1621.725197,0.754716681,-94843.02447,0.141301909,1783.50535
358,GR111,-110.179773,38.908602,2017,1,15,1410.335342,0.636652916,-73940.41539,-0.058798416,1460.040462
359,GR110,-110.178853,38.911755,2017,1,15,1409.564746,0.807877831,-280383.5202,0.199879315,1334.340442
360,GR004,-110.108301,39.144754,2017,1,15,1388.269333,0.865587765,-1120593.678,0.29527999,1444.119648
361,GR404,-110.114171,39.122884,2017,1,15,1387.462812,0.792375504,-217907.7086,0.164331352,1479.395145
362,GR509,-110.114011,39.119904,2017,1,15,1385.14311,0.863319854,-1021589.318,0.282784317,1435.133253
363,GR513,-110.265385,39.247577,2017,1,15,1360.678771,0.83518841,-537733.4413,0.246294066,1345.230147
364,GR511,-110.264785,39.24555,2017,1,15,1325.778327,0.84676978,-574998.8602,0.256669172,1258.584257
365,GR310,-110.266579,39.249273,2017,1,15,1322.629887,0.828928539,-417709.409,0.232108955,1278.778861
366,GR205,-110.111476,39.160293,2017,1,15,1289.585332,0.791429459,-165902.2087,0.161576235,1312.039432
367,GR806,-109.58375,38.562658,2017,1,15,1287.948258,0.835318471,-566890.4301,0.280702659,1281.546196
368,GR113,-109.580278,38.570407,2017,1,15,1261.118906,0.822956076,-361655.5942,0.239055977,1227.558061
369,GR024,-109.58045,38.569738,2017,1,15,1257.824043,0.784936785,-131597.9793,0.175259351,1225.177867
370,GR123,-109.412089,38.696368,2017,1,15,1256.319873,0.808274624,-278596.7971,0.224513937,1258.616625
371,GR314,-108.826317,38.360651,2017,1,15,1202.078635,0.824611031,-365593.4786,0.239847253,1216.292317
372,GR508,-110.113421,39.119574,2017,1,15,1189.242141,0.899208984,-990859.2424,0.309975614,1112.411221
373,GR816,-109.410991,38.695736,2017,1,15,1173.468125,0.777704997,-86598.04818,0.151482495,1144.819259
374,GR507,-110.112993,39.119135,2017,1,15,1151.765534,0.886768537,-698364.0451,0.279280258,1058.184225
375,GR411,-108.83073,38.35836,2017,1,15,1114.08383,0.778915992,-91012.9058,0.162186597,1129.75328
376,GR037,-109.409539,38.69522,2017,1,15,1090.940016,0.727567413,-4767.742275,0.050322942,1102.91611
377,GR415,-108.803987,38.369559,2017,1,15,1069.21859,0.852527566,-474288.6981,0.288872441,1028.505196
378,GR526,-108.819763,38.361136,2017,1,15,1068.050748,0.773220031,-63315.3675,0.131123065,1086.397483
379,GR030,-109.60258,38.538784,2017,1,15,982.0503546,0.978144222,-1885642.324,0.431022795,871.0405733
380,GR007,-110.114665,39.156043,2017,1,20,1489.057151,0.80547975,-379075.0569,0.208089152,1559.32767
381,GR020,-110.179604,38.906662,2017,1,20,1460.35001,0.652394642,-51944.96162,-0.033787788,1514.116546
382,GR311,-110.266398,39.249044,2017,1,20,1437.744423,0.829117316,-562519.2557,0.245784589,1439.350717
383,GR210,-110.080522,39.192332,2017,1,20,1414.487302,0.839805124,-694617.5843,0.260230096,1437.248179
384,GR219,-109.580048,38.571759,2017,1,20,1382.994013,0.822975865,-576518.0092,0.283832143,1407.329401
385,GR029,-109.603257,38.539182,2017,1,20,1376.929641,0.849924381,-1373694.144,0.351805009,1545.385972
386,GR109,-110.099929,39.187203,2017,1,20,1339.778064,0.691700248,-4650.512056,0.026822641,1456.883025
387,GR422,-108.82892,38.428776,2017,1,20,1269.057759,0.821118371,-363143.6565,0.23965794,1246.602526
388,GR036,-109.505625,38.64881,2017,1,20,1268.17869,0.815930793,-359671.9091,0.243598217,1283.974404
389,GR218,-109.582684,38.577449,2017,1,20,1247.699273,0.758295048,-48241.66179,0.118289279,1243.863344
390,GR303,-110.107023,39.132236,2017,1,20,1216.486717,0.862851406,-556181.7248,0.249102409,1141.79101
391,GR201,-110.100893,39.134229,2017,1,20,1197.862379,0.861426573,-596813.4257,0.24816453,1194.762888
392,GR232,-109.310788,38.810799,2017,1,20,1165.500709,0.861977474,-593439.4089,0.285775108,1095.222552
393,GR403,-110.10743,39.13213,2017,1,20,1141.386167,0.83341585,-249931.4565,0.187329006,1051.515433
394,GR204,-110.112757,39.159217,2017,1,20,1129.167219,0.860179692,-402450.878,0.235174442,1015.986602
395,GR038,-109.322797,38.761565,2017,1,20,1091.491666,0.661310018,-17953.98157,-0.047742022,1098.603901
396,GR414,-108.827098,38.35986,2017,1,20,1082.098521,0.79925904,-199604.4563,0.237134371,1131.422326
397,GR033,-109.558667,38.607333,2017,1,20,1073.836518,0.850099409,-361019.8364,0.264368353,960.6698757
398,GR423,-108.829107,38.429585,2017,1,20,1042.680222,0.792798003,-78212.23201,0.133173181,940.9948513
399,GR412,-108.829733,38.358624,2017,1,20,1026.946681,0.844583913,-374599.2171,0.276860138,986.6577429
400,GR516,-110.364704,38.843249,2017,1,25,2034.593173,0.795540051,-703269.0732,0.244013207,2173.749528
401,GR312,-110.368073,38.850413,2017,1,25,1514.918998,0.816051579,-433930.9123,0.228646512,1454.083656
402,GR103,-110.104778,39.144101,2017,1,25,1495.207295,0.82269415,-691876.8404,0.250340557,1660.625224
403,GR313,-110.368007,38.850075,2017,1,25,1477.142155,0.802261731,-294245.0666,0.204454615,1427.861352
404,GR112,-109.581942,38.576928,2017,1,25,1387.07985,0.760120852,-73921.07199,0.145955917,1406.515078
405,GR503,-110.104227,39.132766,2017,1,25,1314.576592,0.749452996,-33683.95459,0.083454196,1340.006148
406,GR510,-110.264802,39.244999,2017,1,25,1301.471353,0.831550851,-382868.3602,0.222886779,1224.468833
407,GR229,-109.505474,38.647708,2017,1,25,1252.132621,0.8353575,-570239.1448,0.284272381,1275.038358
408,GR009,-110.076905,39.19624,2017,1,25,1249.581884,0.882463744,-1091187.812,0.306871331,1271.505363
409,GR224,-109.647948,38.550806,2017,1,25,1222.920459,0.86103863,-685135.2174,0.272823934,1216.792497
410,GR014,-110.071686,39.203815,2017,1,25,1218.614003,0.789560186,-137006.5821,0.152819023,1239.892817
411,GR302,-110.10693,39.132463,2017,1,25,1204.865529,0.747923891,-22195.38914,0.06356917,1174.007598
412,GR807,-109.591007,38.555179,2017,1,25,1068.921472,0.91776083,-1107203.877,0.347602384,999.3862297
413,GR517,-110.365427,38.841594,2017,1,30,1899.191641,0.797261423,-593351.1928,0.233325668,2006.10537
414,GR002,-110.103447,39.143842,2017,1,30,1667.760265,0.804256723,-630323.6574,0.236273683,1916.709461
415,GR003,-110.105558,39.144235,2017,1,30,1556.214692,0.82381479,-748001.6753,0.251254517,1708.137372
416,GR405,-110.114259,39.122297,2017,1,30,1537.817242,0.823847741,-662503.8596,0.243676033,1633.364078
417,GR306,-110.114107,39.120563,2017,1,30,1476.950537,0.821775477,-555600.6788,0.230915122,1562.249704
418,GR107,-110.101305,39.174321,2017,1,30,1434.118282,0.840501204,-782334.0263,0.257115865,1528.23853
419,GR032,-109.647405,38.548484,2017,1,30,1288.228147,0.819799834,-321401.713,0.224729427,1223.40152
420,GR406,-110.270253,39.250312,2017,1,30,1287.602716,0.831661284,-365720.7271,0.220096486,1202.834776
421,GR023,-109.581478,38.576378,2017,1,30,1215.754863,0.788793024,-132057.895,0.158519466,1213.79846
422,GR125,-109.310137,38.811081,2017,1,30,1119.00191,0.792637452,-112178.4182,0.155224399,1078.868649
423,GR319,-108.805313,38.36895,2017,1,30,1044.545177,0.768797513,-47877.58195,0.115742008,1041.509633
424,GR320,-108.805893,38.369014,2017,1,30,1042.153613,0.771401506,-55346.09084,0.121604547,1063.595629
425,5695,-109.10225,38.740056,2014,1,35,2382.483371,0.817034845,-1094731.904,0.230908577,2278.984735
426,5699,-109.133083,38.743833,2014,1,35,1617.08008,0.815279334,-545817.8847,0.245136787,1584.998238
427,5698,-109.250528,38.813056,2014,1,35,1361.643578,0.829013101,-569758.8466,0.270905855,1373.714775
428,GR105,-110.100564,39.162643,2017,1,35,1282.498523,0.869441011,-888352.3769,0.297959786,1251.61594
429,GR101,-110.098831,39.137823,2017,1,35,1217.804954,0.88783388,-988991.1967,0.30276148,1190.049165
430,GR213,-110.088797,39.192739,2017,1,35,1179.404394,0.758500817,-37696.219,0.078881955,1186.423282
431,GR220,-109.583299,38.563417,2017,1,35,1164.212473,0.879647679,-762953.3939,0.312848981,1064.222006
432,5696,-109.121389,38.732111,2014,1,35,1115.259547,0.861888066,-512358.4965,0.270559666,1052.378003
433,5697,-109.242361,38.820083,2014,1,35,1108.92602,0.861499925,-436615.8756,0.255877779,1004.914638
434,GR810,-109.646968,38.549187,2017,1,35,1068.063757,0.91304054,-929002.7002,0.319345024,994.4157042
435,GR522,-108.814425,38.3635,2017,1,35,992.2216908,0.819837432,-179632.4908,0.182445244,999.0074251
436,GR114,-109.584647,38.561574,2017,1,40,1402.400991,0.805759273,-342310.6795,0.220697689,1439.405842
437,GR305,-110.114419,39.120959,2017,1,40,1376.513385,0.707486037,0.625856556,0.034559817,1455.543458
438,GR701,-110.102999,39.133093,2017,1,40,1246.75969,0.664758097,-20314.74564,-0.050990596,1275.259102
439,GR001,-110.10171,39.133787,2017,1,40,1228.806084,0.812448308,-229535.9191,0.174012278,1222.80292
440,GR214,-110.090556,39.192847,2017,1,40,1223.804861,0.596614425,-109473.1188,-0.132050259,1280.324493
441,GR026,-109.58529,38.560912,2017,1,40,1214.965495,0.716668524,-1287.686538,0.051080038,1223.901892
442,GR104,-110.101207,39.163479,2017,1,40,1195.858778,0.849299783,-412604.3085,0.240641377,1085.771991
443,GR223,-109.631731,38.571601,2017,1,40,1081.519845,0.869040014,-498975.1369,0.285026539,967.2206244
444,GR227,-109.560552,38.603726,2017,1,40,1074.448427,0.902327116,-790206.2056,0.309025902,981.9700774
445,GR208,-110.078211,39.193326,2017,1,45,1371.768155,0.873680053,-1314211.99,0.306870364,1459.261033
446,GR211,-110.081167,39.192174,2017,1,45,1299.647921,0.851457617,-648734.7815,0.267980277,1266.774686
447,GR502,-110.103484,39.132864,2017,1,45,1213.592797,0.834468706,-344766.4794,0.203293636,1185.539245
448,GR011,-110.075695,39.198066,2017,1,45,1150.216113,0.72157104,-2419.086694,0.028447696,1159.708291
449,GR228,-109.535364,38.609927,2017,1,45,1063.217228,0.85754135,-392746.7545,0.268805789,948.6093567
450,GR521,-108.814034,38.364118,2017,1,45,1015.223573,0.818486777,-234475.9207,0.230801365,1042.961321
451,GR418,-108.826452,38.429938,2017,1,45,1010.253013,0.851559094,-279782.8051,0.250187167,864.0308383
452,GR121,-109.534799,38.610421,2017,1,45,994.7059765,0.955062122,-1591616.494,0.404369499,917.1130146
453,GR410,-110.367756,38.850706,2017,1,50,1929.23243,0.779668092,-353423.4319,0.198144032,2044.722465
454,GR021,-110.179935,38.907144,2017,1,50,1633.434194,0.764407635,-109510.6465,0.130058605,1640.612514
455,GR010,-110.07648,39.196953,2017,1,50,1146.781095,0.769674596,-54319.30835,0.090332781,1152.037191
456,GR525,-108.818098,38.361918,2017,1,50,1081.143152,0.796957325,-160872.4009,0.205006167,1112.828869
457,GR317,-108.824353,38.361054,2017,1,50,1055.26872,0.82617955,-246251.9643,0.225597268,1016.600144
458,GR813,-109.535863,38.609523,2017,1,50,952.6407467,0.552412849,-65281.03857,-0.226698401,835.9781279
459,GR027,-109.590087,38.556054,2017,1,50,944.0748037,1.022618294,-2832442.256,0.476599104,845.1488744
460,GR514,-110.265578,39.2485,2017,1,55,1481.357242,0.827824007,-600420.5749,0.23724515,1528.978486
461,GR013,-110.071894,39.203359,2017,1,55,1300.095253,0.813836365,-316482.2683,0.199026268,1346.741758
462,GR505,-110.105948,39.132987,2017,1,55,1227.512826,0.832638904,-332829.6129,0.202060351,1183.259312
463,GR117,-109.633045,38.572953,2017,1,55,1145.567079,0.795719363,-127751.2737,0.15998189,1102.888837
464,GR108,-110.091531,39.192352,2017,1,65,1203.495881,0.740820788,-16722.37932,0.062041077,1231.817544
465,GR226,-109.560044,38.604525,2017,1,65,1114.9049,0.891723307,-756290.1472,0.300219542,1027.544055
466,GR124,-109.32219,38.761993,2017,1,65,1072.798063,0.882608461,-700043.0082,0.312786269,1004.605629
467,GR809,-109.632746,38.57224,2017,1,70,1308.325775,0.856618112,-736937.7619,0.286571182,1256.879641
468,GR122,-109.505939,38.649175,2017,1,70,1131.81742,0.645392003,-33924.53894,-0.068330781,1156.573776
469,GR116,-109.601894,38.540218,2017,1,75,1447.310071,0.843776366,-929109.4779,0.304069764,1471.481205
470,GR407,-110.269354,39.25066,2017,1,75,1265.339792,0.823835341,-290133.0279,0.210273848,1160.302054
471,GR222,-109.601129,38.5415,2017,1,75,1153.6966,0.879405261,-757603.9354,0.274299206,1155.275596
472,GR814,-109.505856,38.650856,2017,1,75,1125.090525,0.74048419,-13948.23989,0.073866078,1109.833445
473,GR808,-109.60219,38.539482,2017,1,75,1022.704957,0.935746947,-1125047.483,0.356196709,922.5231153
474,GR119,-109.559585,38.60536,2017,1,80,1213.039285,0.887288738,-903593.429,0.299433599,1148.892857
475,GR120,-109.559187,38.606581,2017,1,90,1035.613996,0.824517237,-172131.7587,0.176244348,954.4079964
476,5721,-108.823507,38.43001,2014,1,100,1038.138677,0.845234198,-268398.9103,0.208267148,962.3738361
477,5723,-108.840038,38.453682,2014,1,100,1013.579118,0.886796788,-559352.6387,0.290229447,924.6756948
478,5725,-108.893449,38.307085,2014,1,100,920.8045235,0.845490782,-208956.8232,0.239889176,793.2312221