,newID,ID,X,Y,YEAR,PresenceAb,Percent_Cov,X0716_blue,X0716_green,X0716_nir,X0716_red,,,,,,,,,
1,320,203,-110.2990036,39.01570129,2016,0,0,2476.74114,2742.212185,3984.534875,3244.433939,,,,,,,,,
2,442,422,-110.3649979,38.87530136,2016,0,0,2427.162689,2699.492737,4156.956351,3257.377935,,,,,,,,,
3,78,GR217,-110.181807,38.905561,2017,0,0,2397.685686,2663.992692,3665.612603,3019.891298,,,,,,,,,
4,448,432,-110.223999,38.97869873,2016,0,0,2323.297031,2556.017142,3880.349396,3038.941359,,,,,,,,,
5,366,276,-110.2310028,39.02970123,2016,0,0,2428.915564,2834.655037,4057.421178,3423.182936,,,,,,,,,
6,330,219,-109.8529968,38.82740021,2016,0,0,2323.051826,2791.311584,4186.564065,3379.413505,,,,,,,,,
7,469,468,-109.4560013,38.90869904,2016,0,0,2207.003004,2606.198576,3722.712831,3032.625183,,,,,,,,,
8,201,5,-109.9520035,38.92200089,2016,0,0,2317.561956,2825.780559,4076.769842,3382.140406,,,,,,,,,
9,461,449,-110.0979996,39.07450104,2016,0,0,2184.098797,2428.141781,3501.254996,2830.347267,,,,,,,,,
10,432,401,-109.3889999,39.03440094,2016,0,0,2168.04063,2408.790347,3606.569624,2864.966545,,,,,,,,,
11,344,238,-109.9339981,38.90140152,2016,0,0,1946.079849,2288.049156,3369.946149,2754.3591,,,,,,,,,
12,200,3,-109.586998,38.92630005,2016,0,0,2093.098862,2476.394888,3817.773952,2995.687443,,,,,,,,,
13,219,37,-109.4100037,39.08390045,2016,0,0,1981.095214,2236.53055,3343.624002,2608.597667,,,,,,,,,
14,270,116,-110.0279999,38.86619949,2016,0,0,2069.416488,2256.241358,3438.676629,2762.831105,,,,,,,,,
15,382,304,-110.2099991,38.89179993,2016,0,0,2090.704989,2291.625867,3351.393222,2668.812955,,,,,,,,,
16,318,201,-109.5410004,38.9742012,2016,0,0,2021.919721,2333.525563,3552.487509,2751.960482,,,,,,,,,
17,431,400,-110.3450012,38.93610001,2016,0,0,1853.200595,1891.610657,2488.223687,2077.624973,,,,,,,,,
18,215,29,-110.0680008,38.91749954,2016,0,0,2110.415368,2521.616734,3718.291512,3055.651871,,,,,,,,,
19,258,99,-110.4349976,38.71319962,2016,0,0,1908.423061,2393.015394,4487.214559,3316.853542,,,,,,,,,
20,390,317,-110.4649963,38.64889908,2016,0,0,2033.635747,2540.59428,4103.874446,3317.88163,,,,,,,,,
22,332,222,-109.3690033,38.88669968,2016,0,0,1779.966201,1984.830387,3243.443368,2389.476691,,,,,,,,,
23,305,183,-108.3420029,39.11380005,2016,0,0,1861.064012,1857.09079,2357.758589,2031.009631,,,,,,,,,
24,387,312,-110.2850037,39.12659836,2016,0,0,1972.787304,2290.589504,3286.494438,2701.233658,,,,,,,,,
25,157,GR520,-110.36555,38.842818,2017,0,0,1865.488431,2009.954105,3330.593459,2434.520955,,,,,,,,,
26,369,283,-110.1299973,39.02460098,2016,0,0,1821.127572,2080.319669,3218.686222,2493.352884,,,,,,,,,
27,235,66,-110.0830002,38.98820114,2016,0,0,1940.195026,2257.875824,3416.094948,2722.453246,,,,,,,,,
28,304,182,-108.9749985,39.27809906,2016,0,0,1796.796664,1982.909524,3204.535537,2317.191129,,,,,,,,,
29,429,397,-109.4810028,39.03210068,2016,0,0,1779.29676,2028.023516,3075.891022,2388.696725,,,,,,,,,
30,485,495,-108.4309998,39.0021019,2016,0,0,1763.146443,2087.030898,3232.022461,2419.847532,,,,,,,,,
31,473,474,-109.3960037,38.93040085,2016,0,0,1831.562868,2009.606186,3088.904426,2439.856478,,,,,,,,,
32,279,137,-109.7490005,38.93569946,2016,0,0,1864.754601,2159.914308,3283.742973,2587.753763,,,,,,,,,
33,221,39,-110.3290024,38.76210022,2016,0,0,1915.530886,2402.732917,4165.319293,3193.124836,,,,,,,,,
34,197,0,-110.3860016,38.81230164,2016,0,0,1876.757688,2378.322668,4416.213934,3347.20054,,,,,,,,,
35,399,341,-110.2460022,38.80739975,2016,0,0,1863.072751,2111.406688,3604.195428,2744.005719,,,,,,,,,
36,361,269,-110.2850037,38.75510025,2016,0,0,1886.403321,2288.00109,4427.429647,3242.249587,,,,,,,,,
37,340,233,-109.5459976,38.92499924,2016,0,0,1774.684822,1984.748518,3179.434987,2395.653976,,,,,,,,,
38,386,311,-109.5,39.04560089,2016,0,0,1924.156514,2214.998307,3397.090647,2665.320829,,,,,,,,,
39,311,192,-109.2679977,39.19440079,2016,0,0,1855.830539,2142.528036,3271.589961,2521.716612,,,,,,,,,
40,417,376,-109.2860031,38.88639832,2016,0,0,1651.144657,1901.209869,2983.978658,2299.658116,,,,,,,,,
41,406,355,-109.0960007,39.23680115,2016,0,0,1743.677771,2064.282924,3376.806501,2478.647925,,,,,,,,,
42,377,294,-109.038002,39.34809875,2016,0,0,1860.130033,2109.973379,3226.24429,2452.3711,,,,,,,,,
43,288,156,-110.1880035,38.97320175,2016,0,0,1869.719549,2117.659656,2934.46562,2470.837893,,,,,,,,,
44,254,94,-110.1139984,38.8158989,2016,0,0,1847.109333,2257.146068,4367.82156,3202.628653,,,,,,,,,
45,18,GR022,-110.179932,38.906398,2017,0,0,1627.608208,1695.187435,2850.498029,1818.426632,,,,,,,,,
46,212,25,-109.3209991,39.13240051,2016,0,0,1770.928513,2132.734367,3185.428155,2506.436689,,,,,,,,,
47,418,377,-110.038002,39.04439926,2016,0,0,1738.261154,2018.178733,3197.034105,2423.479111,,,,,,,,,
48,363,272,-109.9520035,38.75049973,2016,0,0,1807.111149,2215.356653,4311.026878,3212.581228,,,,,,,,,
49,357,259,-109.8610001,38.96659851,2016,0,0,1826.203958,2083.319182,3122.008616,2436.626392,,,,,,,,,
50,255,96,-109.7320023,38.69760132,2016,0,0,1717.520121,2053.608937,4074.038782,2859.284995,,,,,,,,,
51,282,144,-109.9830017,38.97460175,2016,0,0,1655.419805,1884.549686,3044.218306,2270.297257,,,,,,,,,
52,362,270,-109.5569992,38.85879898,2016,0,0,1688.113196,1832.208137,2986.405726,2239.809031,,,,,,,,,
53,250,90,-110.2360001,38.69670105,2016,0,0,1773.078334,2131.712839,3832.879569,2963.562645,,,,,,,,,
54,36,GR040,-109.30802,38.810934,2017,0,0,1683.438735,1869.289759,2938.831993,2260.840683,,,,,,,,,
55,211,21,-109.4550018,38.89220047,2016,0,0,1800.478019,1960.971379,3142.620913,2323.769403,,,,,,,,,
56,402,348,-108.6719971,39.22890091,2016,0,0,1669.282374,1911.268194,2949.136231,2206.400351,,,,,,,,,
57,42,GR106,-110.097506,39.165739,2017,0,0,1728.794516,2021.836552,3282.844175,2381.601855,,,,,,,,,
58,313,194,-108.6989975,39.31629944,2016,0,0,1582.949778,1787.279086,2945.518496,2180.375328,,,,,,,,,
59,187,5661,-110.13485,38.936333,2014,0,0,1718.836392,1872.652643,3022.760726,2272.402709,,,,,,,,,
60,438,415,-109.3519974,38.97489929,2016,0,0,1650.305518,1745.316495,2604.559016,1977.912406,,,,,,,,,
61,225,46,-109.8420029,38.95069885,2016,0,0,1576.079056,1776.838658,2992.760876,2150.740862,,,,,,,,,
62,393,328,-108.8720016,39.29299927,2016,0,0,1411.448742,1540.523698,2749.915604,1748.351543,,,,,,,,,
63,171,GR802,-110.179381,38.906252,2017,0,0,1508.55807,1588.174045,2537.737145,1711.767312,,,,,,,,,
64,302,180,-108.6159973,39.26210022,2016,0,0,1591.010783,1737.69782,3113.195499,2066.162447,,,,,,,,,
65,172,GR803,-110.179408,38.906335,2017,0,0,1452.647412,1514.789801,2332.494126,1629.009588,,,,,,,,,
66,27,GR031,-109.633137,38.57442,2017,0,0,1553.89032,1692.951171,2668.398957,2044.771431,,,,,,,,,
67,416,372,-108.4820023,39.13679886,2016,0,0,1531.288149,1700.250319,2715.367739,1973.246439,,,,,,,,,
68,228,51,-109.1699982,38.80509949,2016,0,0,1619.649302,1781.270555,2925.10924,2140.863986,,,,,,,,,
69,383,305,-109.7710037,38.71519852,2016,0,0,1632.005485,1969.251422,3987.973681,2831.643703,,,,,,,,,
70,156,GR519,-110.366055,38.840374,2017,0,0,1563.256573,1554.337484,2601.370797,1824.885243,,,,,,,,,
71,409,360,-109.973999,38.63750076,2016,0,0,1592.17729,1730.233374,3136.804077,2145.362251,,,,,,,,,
72,307,187,-109.7939987,38.87609863,2016,0,0,1623.988685,1710.530549,2981.289116,2065.639652,,,,,,,,,
73,370,284,-109.2710037,38.97689819,2016,0,0,1629.329676,1783.955785,2706.28632,2047.05349,,,,,,,,,
74,412,366,-109.9120026,38.96749878,2016,0,0,1508.085473,1666.997535,2862.146119,2042.652281,,,,,,,,,
75,4,GR005,-110.110466,39.14764,2017,0,0,1362.489128,1480.630822,3010.340168,1628.712094,,,,,,,,,
76,486,496,-109.3970032,38.8885994,2016,0,0,1659.040936,1850.443606,2782.752025,2194.245398,,,,,,,,,
77,297,170,-108.8050003,39.17819977,2016,0,0,897.5789328,930.3808288,4498.571928,669.1534033,,,,,,,,,
78,218,33,-108.3949966,38.95090103,2016,0,0,2860.818556,3208.012242,4148.271425,3352.592423,,,,,,,,,
79,217,32,-109.3519974,38.82310104,2016,0,0,1487.662452,1722.099775,3379.945221,2367.087259,,,,,,,,,
80,440,419,-108.5449982,38.99240112,2016,0,0,1530.172108,1699.326041,2696.097336,1961.404865,,,,,,,,,
81,202,7,-109.0240021,39.33919907,2016,0,0,1846.835411,2106.664479,3373.595089,2422.085919,,,,,,,,,
82,453,441,-109.4290009,39.64730072,2016,0,0,1560.26943,1694.342719,3487.251739,1930.491271,,,,,,,,,
83,295,168,-108.9089966,39.24509811,2016,0,0,1607.965045,1834.947435,3142.262546,2215.872265,,,,,,,,,
84,391,321,-110.5459976,38.39350128,2016,0,0,1554.498306,1755.081597,3354.080443,2476.573763,,,,,,,,,
85,102,GR309,-110.266642,39.249556,2017,0,0,1436.488763,1524.01417,2972.385714,1723.548641,,,,,,,,,
86,384,307,-109.1780014,39.10540009,2016,0,0,1534.320666,1741.028506,3094.803334,2166.297568,,,,,,,,,
87,447,430,-110.0719986,39.79359818,2016,0,0,1599.194847,1734.230574,2845.649341,1981.323641,,,,,,,,,
88,310,191,-109.4749985,38.71060181,2016,0,0,1499.701059,1747.105167,3394.054451,2319.785977,,,,,,,,,
89,462,451,-109.8300018,38.67490005,2016,0,0,1554.494245,1862.043595,3932.056179,2814.119046,,,,,,,,,
90,213,26,-110.1009979,38.65950012,2016,0,0,1495.837251,1803.419185,3586.846683,2592.075651,,,,,,,,,
91,433,405,-109.2919998,39.21289825,2016,0,0,1557.793702,1766.576238,3019.448921,2140.993815,,,,,,,,,
92,394,330,-110.310997,38.47330093,2016,0,0,1518.197837,1825.1456,3705.608826,2685.799288,,,,,,,,,
93,7,GR008,-110.11391,39.156574,2017,0,0,1443.959853,1600.368548,2811.948046,1714.647438,,,,,,,,,
94,289,158,-108.8769989,39.09289932,2016,0,0,1509.616522,1689.254103,3054.711816,1916.484419,,,,,,,,,
95,401,347,-109.2480011,39.59859848,2016,0,0,1494.229009,1630.257499,2784.49454,1774.103295,,,,,,,,,
96,410,361,-109.7679977,39.61579895,2016,0,0,1458.783576,1734.962301,3170.920989,2030.791468,,,,,,,,,
97,206,12,-110.3980026,38.45740128,2016,0,0,1523.161489,1965.498143,4486.686461,3086.000701,,,,,,,,,
98,303,181,-108.1999969,39.39049911,2016,0,0,1591.314525,1851.302463,3122.125869,2159.858082,,,,,,,,,
99,266,109,-108.9430008,39.29800034,2016,0,0,1411.083005,1532.91402,2751.983013,1805.265182,,,,,,,,,
100,415,371,-110.1529999,38.98500061,2016,0,0,1264.735243,1265.736581,2998.551239,1286.49251,,,,,,,,,
101,437,413,-110.1190033,39.09859848,2016,0,0,1363.499028,1465.367227,2436.913737,1542.584059,,,,,,,,,
102,286,153,-109.4850006,39.09049988,2016,0,0,1512.724881,1720.660547,2734.697003,2023.059723,,,,,,,,,
103,356,258,-108.9729996,38.20429993,2016,0,0,1409.413476,1534.210689,2657.889784,1901.518112,,,,,,,,,
104,256,97,-110,39.72449875,2016,0,0,836.8725534,633.577776,623.4680473,545.4133403,,,,,,,,,
105,441,421,-109.3939972,38.42630005,2016,0,0,1342.913512,1505.947441,2824.068582,1817.359397,,,,,,,,,
106,397,337,-109.3970032,39.0060997,2016,0,0,1428.166793,1531.515659,2699.266717,1929.490992,,,,,,,,,
107,421,381,-108.487999,39.20069885,2016,0,0,1442.671486,1574.413951,2548.948443,1810.579597,,,,,,,,,
108,359,263,-110.038002,39.64580154,2016,0,0,1431.330357,1661.012786,2818.380992,1933.699797,,,,,,,,,
109,277,133,-109.3379974,38.96699905,2016,0,0,1426.785332,1461.172231,2444.44037,1709.182753,,,,,,,,,
110,407,356,-109.3119965,38.86149979,2016,0,0,1445.189637,1566.466897,2572.214741,1868.669692,,,,,,,,,
111,309,189,-110.1900024,38.50780106,2016,0,0,1415.117334,1793.268366,3860.233897,2729.560553,,,,,,,,,
112,21,GR025,-109.584585,38.562187,2017,0,0,1466.96499,1557.215548,2765.777925,1962.208481,,,,,,,,,
113,428,396,-108.3580017,39.10189819,2016,0,0,1310.63687,1362.595403,2720.783981,1538.379662,,,,,,,,,
114,476,479,-109.0979996,39.13840103,2016,0,0,1450.818982,1642.965639,3061.241763,2038.947665,,,,,,,,,
115,388,314,-110.1949997,38.6631012,2016,0,0,1410.610355,1688.972808,3809.915743,2704.813399,,,,,,,,,
116,444,426,-108.6350021,38.08140182,2016,0,0,1418.870528,1628.859092,2914.871858,1872.81476,,,,,,,,,
117,300,175,-110.2109985,39.32369995,2016,0,0,1292.099237,1347.923232,2425.049386,1495.209722,,,,,,,,,
118,434,408,-108.6220016,39.04380035,2016,0,0,1282.056663,1369.378018,2499.075273,1633.870562,,,,,,,,,
119,376,292,-109.5370026,38.19589996,2016,0,0,1345.211466,1559.098932,3211.399829,2087.060443,,,,,,,,,
120,272,123,-109.4729996,38.92639923,2016,0,0,1408.334625,1452.888199,2535.579379,1756.288578,,,,,,,,,
121,336,226,-109.1200027,39.25170135,2016,0,0,1300.349781,1366.644167,2590.716708,1654.660392,,,,,,,,,
122,403,349,-108.4769974,39.0760994,2016,0,0,1371.197432,1324.973201,2496.647366,1398.038194,,,,,,,,,
123,244,80,-109.1299973,39.27000046,2016,0,0,1327.635851,1407.485513,2430.184265,1685.129153,,,,,,,,,
124,450,437,-109.651001,38.56600189,2016,0,0,1346.348538,1447.430959,2883.539353,2045.153244,,,,,,,,,
125,271,117,-109.302002,38.92810059,2016,0,0,1435.900348,1542.482183,2210.617536,1766.037112,,,,,,,,,
126,141,GR504,-110.105229,39.132962,2017,0,0,1259.807326,1352.892936,1691.114466,1420.206339,,,,,,,,,
127,294,167,-110.2870026,38.48490143,2016,0,0,1382.181136,1685.544286,3730.41741,2563.465833,,,,,,,,,
128,367,279,-108.9179993,39.35929871,2016,0,0,1350.685642,1440.920554,2462.788171,1677.706257,,,,,,,,,
129,253,93,-108.9550018,39.23690033,2016,0,0,1417.252375,1536.729068,2676.799032,1834.067787,,,,,,,,,
130,301,179,-109.2929993,39.62810135,2016,0,0,1691.112662,1824.818004,2516.653148,1824.090238,,,,,,,,,
131,452,439,-108.5299988,39.20330048,2016,0,0,1237.33447,1332.368163,2557.204603,1560.236652,,,,,,,,,
132,334,224,-109.0680008,39.10710144,2016,0,0,1348.075507,1464.53503,2617.665064,1802.805422,,,,,,,,,
133,186,GR817,-109.310354,38.810584,2017,0,0,1187.254631,1216.247061,2832.978078,1353.447868,,,,,,,,,
134,149,GR512,-110.264797,39.246581,2017,0,0,1240.337843,1236.552588,2641.419228,1340.410775,,,,,,,,,
135,134,GR420,-108.827646,38.428917,2017,0,0,1297.556425,1342.772655,2565.488493,1568.847111,,,,,,,,,
136,269,112,-110.012001,38.30199814,2016,0,0,1395.251785,1575.093771,2969.018326,2212.139609,,,,,,,,,
137,204,10,-108.6320038,39.13330078,2016,0,0,1472.786835,1582.638401,2497.253209,1867.772995,,,,,,,,,
138,422,383,-108.737999,39.03910065,2016,0,0,1305.57136,1370.015906,2603.920866,1584.570465,,,,,,,,,
139,420,379,-110.1809998,38.61980057,2016,0,0,1453.613133,1801.754976,3928.0365,2790.226219,,,,,,,,,
140,231,58,-109.0899963,39.18030167,2016,0,0,1300.749193,1395.144523,2450.179165,1667.106498,,,,,,,,,
141,484,493,-108.5940018,38.07709885,2016,0,0,1393.934583,1536.626755,2646.769612,1732.624222,,,,,,,,,
142,323,208,-108.8919983,39.23680115,2016,0,0,1268.880953,1364.595023,2572.507064,1422.211416,,,,,,,,,
143,337,228,-109.5169983,39.58240128,2016,0,0,1405.894202,1602.513685,3059.448398,1857.726492,,,,,,,,,
144,14,GR015,-110.071557,39.205041,2017,0,0,1234.495909,1312.556612,2930.40097,1331.446185,,,,,,,,,
145,291,161,-109.1699982,39.25429916,2016,0,0,1287.361999,1414.921405,2396.09994,1659.145838,,,,,,,,,
146,268,111,-108.7770004,38.04550171,2016,0,0,1349.816606,1492.363495,2544.687788,1697.766845,,,,,,,,,
147,468,465,-109.1999969,39.04520035,2016,0,0,1362.668123,1515.131159,2902.953586,1952.110955,,,,,,,,,
148,226,49,-109.8889999,38.27019882,2016,0,0,1203.165305,1344.246421,2980.137122,2036.453004,,,,,,,,,
149,351,250,-109.689003,39.57360077,2016,0,0,1353.679305,1442.677534,2718.377899,1582.051476,,,,,,,,,
150,358,262,-109.552002,38.47639847,2016,0,0,1285.00724,1411.699912,2861.301174,1916.028758,,,,,,,,,
151,342,235,-108.5479965,39.23419952,2016,0,0,1264.979899,1312.200087,2302.983075,1525.551276,,,,,,,,,
152,241,75,-109.1090012,39.21519852,2016,0,0,1209.195141,1259.229751,2291.555708,1523.26928,,,,,,,,,
153,329,218,-109.1880035,38.90439987,2016,0,0,1286.152547,1360.233137,2696.58395,1782.447909,,,,,,,,,
154,306,184,-108.5830002,39.06510162,2016,0,0,1227.009232,1173.735321,2644.74249,1199.606966,,,,,,,,,
155,414,370,-109.0339966,39.36190033,2016,0,0,1123.830803,1136.16872,2271.679371,1409.241723,,,,,,,,,
156,341,234,-109.3720016,39.17879868,2016,0,0,1350.365672,1476.600001,2434.718804,1755.394407,,,,,,,,,
157,464,457,-108.7890015,39.36930084,2016,0,0,1284.042996,1394.02627,2394.198811,1651.618495,,,,,,,,,
158,292,165,-108.6660004,39.12080002,2016,0,0,1351.497515,1362.156061,2295.030541,1479.315999,,,,,,,,,
159,138,GR501,-110.102421,39.133458,2017,0,0,1247.554161,1336.204012,2112.285074,1361.224933,,,,,,,,,
160,354,254,-109.401001,38.19509888,2016,0,0,1295.861854,1490.192962,3151.594735,2078.474881,,,,,,,,,
161,395,331,-109.0270004,39.17089844,2016,0,0,1264.785285,1356.71663,2633.098678,1738.689032,,,,,,,,,
162,281,142,-109.401001,39.13410187,2016,0,0,1264.241329,1322.497198,2477.328482,1587.500803,,,,,,,,,
163,233,61,-109.1320038,39.11349869,2016,0,0,1330.985594,1468.631955,2658.839466,1750.320323,,,,,,,,,
164,451,438,-108.5889969,38.99679947,2016,0,0,1363.378264,1450.181184,2550.596754,1664.926486,,,,,,,,,
165,115,GR401,-110.10903,39.13149,2017,0,0,1317.560955,1416.260877,1837.399279,1502.090792,,,,,,,,,
166,472,473,-109.6009979,38.46910095,2016,0,0,1320.83119,1498.991772,3040.306324,2138.295467,,,,,,,,,
167,31,GR035,-109.532962,38.609176,2017,0,0,1241.766851,1317.621963,2941.040109,1572.437352,,,,,,,,,
168,210,20,-109.5830002,38.59960175,2016,0,0,1239.406322,1178.880392,1970.236723,1276.12569,,,,,,,,,
169,216,31,-109.9530029,38.25590134,2016,0,0,1295.332601,1471.533074,3098.730913,2119.681522,,,,,,,,,
170,331,221,-108.3960037,38.99850082,2016,0,0,1198.155029,1210.114635,2256.282193,1269.161957,,,,,,,,,
171,260,101,-109.6569977,38.32619858,2016,0,0,1305.314594,1447.803674,2641.848907,1953.167253,,,,,,,,,
172,238,69,-109.6060028,38.46860123,2016,0,0,1306.138686,1466.936069,3326.673729,2424.708967,,,,,,,,,
173,174,GR805,-109.580068,38.570751,2017,0,0,1197.503193,1240.172985,2830.986325,1259.930057,,,,,,,,,
174,364,273,-108.1610031,39.38529968,2016,0,0,1354.490199,1421.83052,2381.199013,1667.629554,,,,,,,,,
175,419,378,-108.4260025,38.79140091,2016,0,0,1340.739716,1477.911323,2558.843165,1811.022981,,,,,,,,,
176,86,GR225,-109.558973,38.604096,2017,0,0,1193.457946,1192.363342,2346.19077,1321.816221,,,,,,,,,
177,378,296,-109.9150009,38.33369827,2016,0,0,1264.637574,1380.831628,2727.261999,1952.569558,,,,,,,,,
178,274,127,-109.072998,39.2806015,2016,0,0,1196.797729,1243.227488,2165.262451,1506.872379,,,,,,,,,
179,70,GR209,-110.079137,39.192335,2017,0,0,1251.8463,1321.451109,2904.723716,1399.784252,,,,,,,,,
180,483,490,-108.9759979,39.36330032,2016,0,0,1253.719341,1301.982293,2422.326597,1524.097955,,,,,,,,,
181,385,309,-109.1299973,39.37939835,2016,0,0,1329.308391,1445.7753,2566.68776,1642.342936,,,,,,,,,
182,280,141,-108.5690002,38.99779892,2016,0,0,1267.316916,1349.097123,2459.420504,1480.449965,,,,,,,,,
183,458,446,-109.2139969,38.74940109,2016,0,0,1290.384492,1376.221263,2598.256427,1762.818789,,,,,,,,,
184,229,52,-108.961998,39.43600082,2016,0,0,1171.180535,1225.800457,2566.792851,1457.486512,,,,,,,,,
185,424,386,-109.2399979,39.09360123,2016,0,0,1275.660438,1304.88007,2542.646923,1601.076665,,,,,,,,,
186,285,152,-109.3690033,38.74779892,2016,0,0,1236.874248,1322.139518,2714.312889,2031.487082,,,,,,,,,
187,209,18,-109.3170013,39.06290054,2016,0,0,1210.237009,1261.792685,2484.431062,1632.784277,,,,,,,,,
188,345,242,-110.0159988,38.62260056,2016,0,0,1510.1265,1737.7059,2496.174113,2229.12442,,,,,,,,,
189,94,GR301,-110.106657,39.132725,2017,0,0,1243.701501,1334.799703,1539.382384,1393.209352,,,,,,,,,
190,63,GR202,-110.100261,39.13481,2017,0,0,1171.111203,1220.117194,3111.684121,1157.228037,,,,,,,,,
191,236,67,-109.552002,39.04710007,2016,0,0,1244.024541,1297.252748,2372.959579,1490.315888,,,,,,,,,
192,352,252,-109.6729965,38.3280983,2016,0,0,1284.904121,1551.046775,3434.397305,2460.323005,,,,,,,,,
193,404,351,-108.4290009,38.85139847,2016,0,0,1342.344774,1500.62964,2625.633098,1864.256657,,,,,,,,,
194,167,GR530,-108.834366,38.432263,2017,0,0,1186.283028,1218.916383,2558.596161,1312.934123,,,,,,,,,
195,426,391,-108.9219971,38.082901,2016,0,0,1266.196885,1399.824657,2600.336378,1744.926646,,,,,,,,,
196,259,100,-109.4380035,38.29399872,2016,0,0,1236.26863,1435.709669,3091.717985,2020.122315,,,,,,,,,
197,380,299,-110.151001,39.62779999,2016,0,0,1265.60933,1303.583161,2492.034221,1462.199197,,,,,,,,,
198,465,458,-109.322998,38.16019821,2016,0,0,1196.373136,1304.377643,2676.330995,1687.878495,,,,,,,,,
199,251,91,-108.5579987,38.07730103,2016,0,0,1325.163425,1473.049527,2665.273779,1641.32768,,,,,,,,,
200,456,444,-108.6669998,39.11149979,2016,0,0,1379.881752,1491.793161,892.5010221,1613.273816,,,,,,,,,
201,455,443,-109.8570023,38.55450058,2016,0,0,1262.127407,1370.905559,2873.998004,1863.384782,,,,,,,,,
202,375,291,-108.5780029,39.23609924,2016,0,0,1302.464998,1348.663679,2257.015019,1527.479309,,,,,,,,,
203,263,104,-109.9459991,38.42969894,2016,0,0,1310.110443,1434.305113,2877.685479,1951.995303,,,,,,,,,
204,267,110,-108.4029999,39.11090088,2016,0,0,1168.895863,1191.773598,2644.905898,1406.736552,,,,,,,,,
205,24,GR028,-109.590905,38.556271,2017,0,0,1137.088226,1241.468286,3455.537134,1391.875424,,,,,,,,,
206,252,92,-108.2590027,39.31470108,2016,0,0,1261.522478,1319.169534,2372.347634,1578.49561,,,,,,,,,
207,353,253,-108.3939972,39.23550034,2016,0,0,1189.889731,1218.280539,2322.103497,1327.95181,,,,,,,,,
208,347,244,-109.1959991,39.36309814,2016,0,0,1184.248017,1232.521246,2450.12575,1280.542401,,,,,,,,,
209,325,212,-109.5579987,38.3443985,2016,0,0,1259.971485,1355.171907,2767.187037,1797.57789,,,,,,,,,
210,299,174,-109.5940018,38.60300064,2016,0,0,1269.298483,1407.806252,2876.039841,2117.333601,,,,,,,,,
211,355,257,-108.3170013,39.48239899,2016,0,0,1319.164655,1377.705474,2219.386287,1547.943389,,,,,,,,,
212,459,447,-108.9530029,39.24369812,2016,0,0,1189.963105,1230.82535,2524.000464,1481.064793,,,,,,,,,
213,322,206,-109.612999,39.07709885,2016,0,0,1140.520503,1140.80981,2181.156268,1236.631928,,,,,,,,,
214,296,169,-109.2580032,38.89149857,2016,0,0,1235.575425,1398.41008,1657.449051,1601.563167,,,,,,,,,
215,327,216,-110.3759995,38.89749908,2016,0,0,1136.033812,962.9042566,1589.984344,920.096406,,,,,,,,,
216,482,485,-109.4649963,38.59090042,2016,0,0,1158.498116,1171.560823,2295.420417,1467.787429,,,,,,,,,
217,265,108,-109.6100006,38.21089935,2016,0,0,1229.74021,1386.035057,2977.721635,1977.292096,,,,,,,,,
218,430,398,-108.5360031,38.24810028,2016,0,0,1739.59611,1533.698884,3806.771805,1567.603701,,,,,,,,,
219,239,71,-109.3209991,38.7602005,2016,0,0,1180.843774,1225.638949,2495.687521,1739.518103,,,,,,,,,
220,220,38,-108.8359985,39.0298996,2016,0,0,1230.844479,1388.311273,2718.830587,1781.073219,,,,,,,,,
221,454,442,-109.0910034,39.34700012,2016,0,0,1158.071434,1203.407624,2229.827578,1441.929442,,,,,,,,,
222,135,GR421,-108.829019,38.428278,2017,0,0,1183.28039,1197.651728,2397.785396,1383.91719,,,,,,,,,
223,143,GR506,-110.112537,39.118611,2017,0,0,1122.903812,1035.424626,2195.737573,994.0660765,,,,,,,,,
224,457,445,-108.7450027,38.12659836,2016,0,0,1181.438657,1271.575975,2328.586329,1505.706408,,,,,,,,,
225,30,GR034,-109.557903,38.606959,2017,0,0,1063.908686,1024.859802,2495.08026,984.1024668,,,,,,,,,
226,245,81,-109.4700012,38.32189941,2016,0,0,1212.706397,1404.075498,3005.807906,2011.754558,,,,,,,,,
227,425,387,-109.6460037,38.33039856,2016,0,0,1172.291717,1255.500118,2635.46866,1925.488438,,,,,,,,,
228,273,125,-108.3290024,39.37969971,2016,0,0,1143.478071,1171.019953,2543.410629,1365.834056,,,,,,,,,
229,400,346,-108.1159973,39.3973999,2016,0,0,1245.525767,1237.477757,2358.249055,1449.36006,,,,,,,,,
230,278,135,-109.5049973,39.43909836,2016,0,0,1147.072343,1203.395033,2448.0363,1390.902882,,,,,,,,,
231,262,103,-109.2080002,38.26399994,2016,0,0,1125.645769,1223.727341,2453.319897,1491.149361,,,,,,,,,
232,234,64,-108.1149979,39.39500046,2016,0,0,1109.805,1107.815599,2144.254765,1224.031389,,,,,,,,,
233,374,290,-109.75,38.44169998,2016,0,0,1290.75354,1468.724248,2283.742254,1953.282316,,,,,,,,,
234,312,193,-109.3850021,39.59170151,2016,0,0,1221.769142,1277.974808,2411.312659,1290.577893,,,,,,,,,
235,54,GR118,-109.647004,38.548037,2017,0,0,1255.721876,1270.126116,2510.518169,1427.514696,,,,,,,,,
236,287,155,-108.7369995,39.19390106,2016,0,0,875.7719554,929.5835765,3926.680381,680.41066,,,,,,,,,
237,396,333,-108.8889999,39.05849838,2016,0,0,1092.579154,1112.292763,2222.335753,1353.081147,,,,,,,,,
238,333,223,-109.4700012,38.49720001,2016,0,0,1192.470072,1291.110924,2848.018028,1806.208526,,,,,,,,,
239,423,384,-108.9329987,38.34730148,2016,0,0,934.7974637,967.5243264,2979.135939,886.6309588,,,,,,,,,
240,446,429,-108.7529984,39.00619888,2016,0,0,1154.932215,1290.695358,2663.378479,1660.546219,,,,,,,,,
241,315,196,-109.7409973,39.43709946,2016,0,0,1160.367708,1212.096446,2372.867749,1275.139758,,,,,,,,,
242,92,GR231,-109.324063,38.761008,2017,0,0,1153.922315,1247.090699,2110.71872,1368.158218,,,,,,,,,
243,443,423,-109.3499985,38.69850159,2016,0,0,1124.949526,1173.624298,2526.041663,1755.385691,,,,,,,,,
244,436,412,-109.9550018,39.53310013,2016,0,0,1161.918102,1182.741109,2633.645392,1245.541645,,,,,,,,,
245,166,GR529,-108.804319,38.368393,2017,0,0,1157.603608,1263.136011,2606.688586,1594.107873,,,,,,,,,
246,207,16,-108.8509979,39.00590134,2016,0,0,1112.82389,1153.044716,2408.274676,1380.296732,,,,,,,,,
247,413,368,-108.3440018,39.39640045,2016,0,0,1163.206462,1179.741096,2108.44982,1297.590148,,,,,,,,,
248,392,324,-108.3150024,39.33190155,2016,0,0,1174.809568,1220.170303,1955.865372,1294.260338,,,,,,,,,
249,283,145,-109.3399963,38.68690109,2016,0,0,1109.336518,1158.382742,2489.345809,1740.537692,,,,,,,,,
250,463,456,-109.6330032,38.54339981,2016,0,0,1477.159867,1615.717854,2098.48181,2069.967607,,,,,,,,,
251,184,GR815,-109.482634,38.680275,2017,0,0,1091.591646,1067.792466,2528.52895,1124.990748,,,,,,,,,
252,316,197,-108.8909988,39.00910187,2016,0,0,1104.447841,1176.798519,2419.211067,1475.349345,,,,,,,,,
253,365,274,-108.6650009,39.19829941,2016,0,0,976.730519,989.788276,4150.317988,775.8758792,,,,,,,,,
254,475,478,-108.8860016,39.02600098,2016,0,0,1109.664229,1184.987545,2484.379527,1435.977323,,,,,,,,,
255,348,246,-108.3610001,39.52489853,2016,0,0,896.8724184,877.0817252,2494.277025,799.9837703,,,,,,,,,
256,223,43,-108.9049988,38.98889923,2016,0,0,992.8547244,997.4178985,2297.631187,1187.617237,,,,,,,,,
257,427,392,-108.7399979,39.50719833,2016,0,0,1181.042542,1264.821207,2646.536883,1430.951088,,,,,,,,,
258,243,79,-109.4179993,38.64569855,2016,0,0,1039.572693,997.2970604,1991.460812,1202.822271,,,,,,,,,
259,338,230,-108.9380035,38.65129852,2016,0,0,1143.748192,1224.058512,2531.726506,1581.976854,,,,,,,,,
260,467,461,-108.6790009,38.34320068,2016,0,0,1092.621933,1074.911952,1970.082082,1220.497546,,,,,,,,,
261,479,482,-108.7210007,39.13479996,2016,0,0,1102.920894,1099.060282,1200.848735,1067.874296,,,,,,,,,
262,343,237,-109.0550003,38.87900162,2016,0,0,967.2139212,963.4615763,2532.044425,1023.124998,,,,,,,,,
263,411,365,-108.7590027,39.48020172,2016,0,0,1048.713619,1027.376988,2195.463725,1075.318852,,,,,,,,,
264,247,84,-109.7220001,38.41719818,2016,0,0,1078.415131,1126.046956,2508.633195,1744.605197,,,,,,,,,
265,368,281,-108.6490021,38.14410019,2016,0,0,1052.217363,1036.435572,2196.170671,1087.485707,,,,,,,,,
266,470,469,-108.8960037,38.9905014,2016,0,0,857.4673371,885.5446261,3178.2177,753.4758095,,,,,,,,,
267,261,102,-109.3759995,38.57220078,2016,0,0,1093.805094,1142.109157,2489.474656,1393.226921,,,,,,,,,
268,227,50,-110.3649979,39.04700089,2016,0,0,1918.681341,1997.805655,3055.814736,2327.911465,,,,,,,,,
269,164,GR527,-108.804358,38.367333,2017,0,0,1098.884031,1152.782143,2302.173942,1365.009944,,,,,,,,,
270,435,411,-108.9380035,38.46620178,2016,0,0,1079.655195,1155.972618,2433.893771,1263.04246,,,,,,,,,
271,405,353,-109.4690018,39.25080109,2016,0,0,980.9934143,999.8119073,2893.565947,1060.924212,,,,,,,,,
272,11,GR012,-110.07485,39.198778,2017,0,0,1231.501784,1284.405562,2191.028886,1357.493974,,,,,,,,,
273,321,204,-108.6480026,38.1833992,2016,0,0,1127.697178,1173.634032,2368.297834,1400.575217,,,,,,,,,
274,480,483,-109.0780029,39.09909821,2016,0,0,1314.393048,1403.594835,2786.392707,1781.858047,,,,,,,,,
275,460,448,-108.8069992,39.01750183,2016,0,0,1073.491711,1113.870395,2272.467477,1361.299238,,,,,,,,,
276,290,160,-108.6360016,39.3783989,2016,0,0,875.7711231,860.9807947,2978.711713,786.9182051,,,,,,,,,
277,165,GR528,-108.804487,38.367901,2017,0,0,1073.521168,1130.982149,2301.241123,1337.778483,,,,,,,,,
278,240,72,-108.7480011,38.31409836,2016,0,0,1155.565178,1195.145861,2181.898495,1347.68163,,,,,,,,,
279,257,98,-109.2429962,39.49140167,2016,0,0,905.0735117,903.1342629,3125.560298,793.4717376,,,,,,,,,
280,114,GR321,-108.834636,38.432106,2017,0,0,936.4189285,896.9520088,2574.273596,799.2013614,,,,,,,,,
281,275,130,-109.4449997,39.31900024,2016,0,0,1041.871306,1001.114191,2243.27554,1086.008337,,,,,,,,,
282,477,480,-108.6220016,38.70280075,2016,0,0,1054.516891,1107.598573,2363.666765,1353.700393,,,,,,,,,
283,335,225,-108.7789993,39.18840027,2016,0,0,1140.585114,1218.955459,2872.098198,1289.14475,,,,,,,,,
284,264,106,-108.7580032,39.50040054,2016,0,0,973.6955746,961.0146455,2459.392595,959.8670224,,,,,,,,,
285,293,166,-108.4449997,39.46110153,2016,0,0,966.9410321,980.771135,2795.475979,932.3995315,,,,,,,,,
286,276,131,-109.9509964,38.22460175,2016,0,0,1136.515855,1134.506022,2197.990865,1474.757808,,,,,,,,,
287,161,GR524,-108.817468,38.362067,2017,0,0,999.1554555,1044.79939,2625.345864,1257.557394,,,,,,,,,
288,372,287,-109.1210022,38.32910156,2016,0,0,1259.912911,1401.248269,3126.074767,1780.557833,,,,,,,,,
289,471,470,-108.4410019,38.75450134,2016,0,0,1057.960724,1085.982175,2242.688265,1245.927367,,,,,,,,,
290,373,289,-108.7009964,39.44589996,2016,0,0,939.3681998,935.1210761,2858.950447,878.7208135,,,,,,,,,
291,248,88,-108.6709976,38.40750122,2016,0,0,1073.259841,1150.078088,2275.422681,1357.299568,,,,,,,,,
292,242,77,-109.2919998,38.21989822,2016,0,0,1017.236409,1032.15342,2328.928472,1268.950307,,,,,,,,,
293,381,302,-109.1829987,39.49300003,2016,0,0,982.586581,1041.710944,2734.378106,1012.932024,,,,,,,,,
294,487,498,-108.3759995,38.68370056,2016,0,0,1060.520077,1127.410819,2190.642242,1288.303222,,,,,,,,,
295,346,243,-109.362999,38.63550186,2016,0,0,1023.311871,1103.19063,2601.497837,1661.34007,,,,,,,,,
296,445,428,-108.5510025,38.80110168,2016,0,0,1014.219357,1020.885023,2318.554488,1151.628281,,,,,,,,,
297,319,202,-108.6289978,39.09189987,2016,0,0,1187.870338,1221.375219,864.0116352,1265.674227,,,,,,,,,
298,349,247,-109.3420029,39.57970047,2016,0,0,1031.996455,978.4145532,1951.900652,972.0127006,,,,,,,,,
299,127,GR413,-108.82842,38.35839,2017,0,0,1014.461455,1055.65708,2161.471849,1348.130875,,,,,,,,,
300,199,2,-109.8219986,39.37810135,2016,0,0,899.9182415,866.4080728,2523.858101,713.9149431,,,,,,,,,
301,232,60,-109.2249985,38.32839966,2016,0,0,805.6536917,769.8992288,2242.395653,690.7985172,,,,,,,,,
302,168,GR531,-108.834803,38.432353,2017,0,0,864.5525189,822.6469753,3133.881852,629.2613205,,,,,,,,,
303,326,214,-109.0579987,38.37929916,2016,0,0,867.1679005,859.1018128,2754.693943,822.8292913,,,,,,,,,
304,160,GR523,-108.815008,38.363038,2017,0,0,1019.461377,1063.030649,2289.404123,1263.587248,,,,,,,,,
305,298,173,-108.3710022,39.37049866,2016,0,0,936.4589551,873.2244895,1749.31631,878.4028998,,,,,,,,,
306,350,248,-109.1900024,38.68239975,2016,0,0,1024.420162,1102.140209,2431.243453,1527.797888,,,,,,,,,
307,328,217,-108.9680023,39.57089996,2016,0,0,749.6417796,716.8212005,3442.278848,508.5645643,,,,,,,,,
308,478,481,-108.2750015,38.99919891,2016,0,0,1003.302887,1043.88621,2105.829646,1190.197991,,,,,,,,,
309,208,17,-108.401001,38.62509918,2016,0,0,926.1726627,981.7018533,3481.962718,890.1642945,,,,,,,,,
310,205,11,-108.5339966,38.11169815,2016,0,0,966.3384469,935.7842215,1967.407734,1018.362709,,,,,,,,,
311,379,297,-108.4110031,39.50299835,2016,0,0,915.2018782,856.550907,2194.108036,781.8413463,,,,,,,,,
312,249,89,-109.288002,38.54869843,2016,0,0,774.9121332,746.5290009,3234.124117,598.5216605,,,,,,,,,
313,214,28,-109.2639999,38.66600037,2016,0,0,968.9768044,996.8224186,2319.108262,1181.929793,,,,,,,,,
314,203,8,-108.5930023,38.66600037,2016,0,0,693.7628086,653.3457654,3289.227889,461.4942749,,,,,,,,,
315,439,417,-109.1159973,39.07619858,2016,0,0,814.5184515,829.4126424,5098.938895,451.5310907,,,,,,,,,
316,466,459,-108.7369995,38.94820023,2016,0,0,1023.48376,1054.947715,2254.75569,1210.56627,,,,,,,,,
317,230,53,-108.2570038,39.24580002,2016,0,0,1005.602606,993.810606,675.4966687,924.0436928,,,,,,,,,
318,449,433,-109.0360031,39.56129837,2016,0,0,809.8082198,773.2701044,2562.93261,627.5518418,,,,,,,,,
319,389,316,-109.1480026,39.43370056,2016,0,0,836.8032196,759.7252586,2595.275098,632.3482915,,,,,,,,,
320,237,68,-108.8980026,39.54460144,2016,0,0,879.6641827,826.6697578,2024.924123,744.9657688,,,,,,,,,
321,317,200,-109.25,38.59540176,2016,0,0,738.7117258,681.4183645,2582.642364,515.8817378,,,,,,,,,
322,246,82,-108.7190018,39.47190094,2016,0,0,712.8210533,641.7621699,2820.311596,411.3331963,,,,,,,,,
323,308,188,-108.4580002,38.98339844,2016,0,0,717.4560224,490.5061531,139.6557419,285.3269256,,,,,,,,,
324,284,148,-108.6050034,38.46839905,2016,0,0,4259.859724,4157.963556,5726.797379,4401.377715,,,,,,,,,
325,324,211,-109.4280014,39.49039841,2016,0,0,854.3422085,778.0621045,2068.92316,657.8733792,,,,,,,,,
326,474,476,-108.5110016,38.59980011,2016,0,0,687.791449,595.2468359,2267.750282,440.8913892,,,,,,,,,
327,408,359,-108.723999,39.59030151,2016,0,0,699.1378656,651.228251,2785.271314,437.0891427,,,,,,,,,
328,481,484,-108.552002,39.4151001,2016,0,0,666.8861132,531.4413234,1810.536632,365.2753498,,,,,,,,,
329,122,GR408,-110.268914,39.250877,2017,1,3,1140.493803,1081.698664,2283.631258,1033.5077,,,,,,,,,
330,77,GR216,-110.180736,38.905949,2017,1,5,1957.859938,2106.312469,3127.39635,2401.760996,,,,,,,,,
331,38,GR102,-110.099882,39.139333,2017,1,5,1696.164749,1919.296091,3385.658263,2211.587312,,,,,,,,,
332,97,GR304,-110.11439,39.121352,2017,1,5,1436.669286,1543.055073,2831.588915,1686.037753,,,,,,,,,
333,64,GR203,-110.098812,39.137321,2017,1,5,1351.61361,1452.269278,2985.473525,1547.758891,,,,,,,,,
334,5,GR006,-110.115689,39.153941,2017,1,5,1420.724185,1554.115086,2004.715348,1731.121264,,,,,,,,,
335,123,GR409,-110.367431,38.850262,2017,1,5,1370.20438,1279.499653,2194.114992,1444.952692,,,,,,,,,
336,108,GR315,-108.825907,38.360697,2017,1,5,1133.826266,1205.340881,2499.579374,1381.828314,,,,,,,,,
337,15,GR016,-110.071604,39.206806,2017,1,5,1182.314219,1225.742135,1824.275143,1254.875051,,,,,,,,,
338,173,GR804,-109.583178,38.577995,2017,1,5,1298.137174,1348.206418,2044.059529,1578.621087,,,,,,,,,
339,109,GR316,-108.825093,38.360972,2017,1,5,1130.368795,1181.857818,2438.887271,1444.118932,,,,,,,,,
340,91,GR230,-109.413267,38.695493,2017,1,5,1346.933804,1486.436205,2019.538732,1881.7796,,,,,,,,,
341,51,GR115,-109.590059,38.556772,2017,1,5,1195.362932,1188.621681,2890.061821,1213.951082,,,,,,,,,
342,68,GR207,-110.078139,39.194452,2017,1,10,1429.132474,1549.503273,2430.926039,1713.63075,,,,,,,,,
343,76,GR215,-110.17935,38.905968,2017,1,10,1411.439502,1475.496905,2504.965686,1530.34451,,,,,,,,,
344,67,GR206,-110.077657,39.194856,2017,1,10,1395.574686,1507.092767,2964.097652,1674.560091,,,,,,,,,
345,35,GR039,-109.308722,38.811203,2017,1,10,1325.421159,1422.220271,2578.29422,1518.679036,,,,,,,,,
346,152,GR515,-110.265999,39.248591,2017,1,10,1230.387261,1243.938451,2580.129954,1266.649301,,,,,,,,,
347,100,GR307,-110.267125,39.249985,2017,1,10,1127.827233,1090.094624,2550.713415,1048.714034,,,,,,,,,
348,116,GR402,-110.107898,39.132072,2017,1,10,1201.533697,1279.616449,1608.538067,1301.66363,,,,,,,,,
349,133,GR419,-108.827306,38.429639,2017,1,10,1052.653358,984.7440969,2142.951424,1033.970526,,,,,,,,,
350,111,GR318,-108.82412,38.361621,2017,1,10,1140.14983,1219.450315,2710.040466,1559.433033,,,,,,,,,
351,180,GR811,-109.558528,38.606142,2017,1,10,1048.513844,966.805173,2266.877735,953.0965611,,,,,,,,,
352,130,GR416,-108.803466,38.369997,2017,1,10,1078.307143,1113.775914,2573.50972,1280.511904,,,,,,,,,
353,181,GR812,-109.558383,38.607658,2017,1,10,996.2252759,932.8664954,2780.617338,805.6498412,,,,,,,,,
354,131,GR417,-108.825792,38.429975,2017,1,10,1031.203378,1011.57945,2262.300948,1124.369773,,,,,,,,,
355,82,GR221,-109.588885,38.557403,2017,1,10,1119.845353,1062.039755,2808.05087,1001.745476,,,,,,,,,
356,155,GR518,-110.365207,38.840695,2017,1,15,1737.644464,1822.617303,3137.114483,2202.240725,,,,,,,,,
357,73,GR212,-110.083708,39.19226,2017,1,15,1547.467349,1720.521739,2236.947016,1926.378106,,,,,,,,,
358,47,GR111,-110.179773,38.908602,2017,1,15,1394.516532,1460.077601,1761.2285,1556.870015,,,,,,,,,
359,46,GR110,-110.178853,38.911755,2017,1,15,1238.219631,1225.944522,2323.479029,1217.459769,,,,,,,,,
360,3,GR004,-110.108301,39.144754,2017,1,15,1334.652448,1462.476626,3164.101624,1538.437264,,,,,,,,,
361,118,GR404,-110.114171,39.122884,2017,1,15,1352.033318,1432.24053,2425.028356,1496.350017,,,,,,,,,
362,146,GR509,-110.114011,39.119904,2017,1,15,1275.819392,1344.147846,3127.699961,1363.974117,,,,,,,,,
363,150,GR513,-110.265385,39.247577,2017,1,15,1316.434705,1336.528275,2560.887764,1477.401817,,,,,,,,,
364,148,GR511,-110.264785,39.24555,2017,1,15,1255.285956,1237.481446,2369.909258,1331.679099,,,,,,,,,
365,103,GR310,-110.266579,39.249273,2017,1,15,1198.88455,1198.562893,2801.283588,1280.156733,,,,,,,,,
366,66,GR205,-110.111476,39.160293,2017,1,15,1217.433739,1326.534389,1676.497136,1349.217332,,,,,,,,,
367,175,GR806,-109.58375,38.562658,2017,1,15,1264.249858,1286.253121,2656.863089,1488.786822,,,,,,,,,
368,49,GR113,-109.580278,38.570407,2017,1,15,1300.373305,1338.757106,2639.013426,1509.80151,,,,,,,,,
369,20,GR024,-109.58045,38.569738,2017,1,15,1280.412468,1319.961486,2396.013041,1490.740358,,,,,,,,,
370,59,GR123,-109.412089,38.696368,2017,1,15,1262.982741,1321.597855,2351.923269,1506.103923,,,,,,,,,
371,107,GR314,-108.826317,38.360651,2017,1,15,1102.270745,1175.009507,2650.730947,1416.901207,,,,,,,,,
372,145,GR508,-110.113421,39.119574,2017,1,15,1107.289392,1087.611674,2842.039147,990.9909015,,,,,,,,,
373,185,GR816,-109.410991,38.695736,2017,1,15,1187.907102,1252.464813,2188.275894,1382.276598,,,,,,,,,
374,144,GR507,-110.112993,39.119135,2017,1,15,1076.234346,1004.918149,2472.594187,904.9706861,,,,,,,,,
375,125,GR411,-108.83073,38.35836,2017,1,15,1077.83752,1181.974497,2609.259429,1590.399076,,,,,,,,,
376,33,GR037,-109.409539,38.69522,2017,1,15,1134.737611,1215.644026,1748.591552,1456.834598,,,,,,,,,
377,129,GR415,-108.803987,38.369559,2017,1,15,1047.32184,1065.338889,2239.778222,1236.537758,,,,,,,,,
378,163,GR526,-108.819763,38.361136,2017,1,15,1134.954618,1284.325122,2885.204779,1703.331818,,,,,,,,,
379,26,GR030,-109.60258,38.538784,2017,1,15,977.0030559,959.6357373,2798.376019,815.1214945,,,,,,,,,
380,6,GR007,-110.114665,39.156043,2017,1,20,1364.691429,1479.850038,2245.54613,1590.01566,,,,,,,,,
381,16,GR020,-110.179604,38.906662,2017,1,20,1391.079037,1454.166783,1707.167181,1569.713678,,,,,,,,,
382,104,GR311,-110.266398,39.249044,2017,1,20,1442.560397,1514.409423,2990.125783,1711.167659,,,,,,,,,
383,71,GR210,-110.080522,39.192332,2017,1,20,1156.369011,1206.301079,2202.281821,1162.169632,,,,,,,,,
384,80,GR219,-109.580048,38.571759,2017,1,20,1354.38446,1407.156909,2761.404602,1676.469182,,,,,,,,,
385,25,GR029,-109.603257,38.539182,2017,1,20,1363.578911,1497.763009,3219.030197,1922.030413,,,,,,,,,
386,45,GR109,-110.099929,39.187203,2017,1,20,1290.090017,1410.838156,1658.348195,1528.310312,,,,,,,,,
387,136,GR422,-108.82892,38.428776,2017,1,20,1224.741125,1227.541722,2358.703321,1404.3275,,,,,,,,,
388,32,GR036,-109.505625,38.64881,2017,1,20,1289.62357,1359.021799,2364.336125,1627.695403,,,,,,,,,
389,79,GR218,-109.582684,38.577449,2017,1,20,1289.009502,1364.464771,2074.522178,1618.752968,,,,,,,,,
390,96,GR303,-110.107023,39.132236,2017,1,20,1180.987132,1198.090169,2725.819437,1149.023066,,,,,,,,,
391,62,GR201,-110.100893,39.134229,2017,1,20,1145.77045,1173.84122,2790.620827,1127.12462,,,,,,,,,
392,93,GR232,-109.310788,38.810799,2017,1,20,1015.422114,987.1865661,2875.432704,901.9303757,,,,,,,,,
393,117,GR403,-110.10743,39.13213,2017,1,20,1092.751779,1077.816085,2306.149052,999.652507,,,,,,,,,
394,65,GR204,-110.112757,39.159217,2017,1,20,1073.996236,1050.873027,2803.747255,920.9607675,,,,,,,,,
395,34,GR038,-109.322797,38.761565,2017,1,20,1178.441279,1305.853803,1870.915786,1521.808235,,,,,,,,,
396,128,GR414,-108.827098,38.35986,2017,1,20,1071.900307,1102.76337,2568.347113,1409.926747,,,,,,,,,
397,29,GR033,-109.558667,38.607333,2017,1,20,985.7786182,938.7473445,2879.434074,795.9694149,,,,,,,,,
398,137,GR423,-108.829107,38.429585,2017,1,20,1107.413127,1126.618389,2527.870855,1290.20817,,,,,,,,,
399,126,GR412,-108.829733,38.358624,2017,1,20,1015.400106,1055.565662,2451.820967,1274.951401,,,,,,,,,
400,153,GR516,-110.364704,38.843249,2017,1,25,1978.996168,2157.811867,3528.488951,2662.08636,,,,,,,,,
401,105,GR312,-110.368073,38.850413,2017,1,25,1560.22976,1581.535062,2826.112662,1836.329843,,,,,,,,,
402,39,GR103,-110.104778,39.144101,2017,1,25,1452.622128,1629.853339,3245.041311,1831.380959,,,,,,,,,
403,106,GR313,-110.368007,38.850075,2017,1,25,1620.905777,1674.946197,2772.88767,1881.934721,,,,,,,,,
404,48,GR112,-109.581942,38.576928,2017,1,25,1432.522905,1570.83753,2334.581444,1851.148182,,,,,,,,,
405,140,GR503,-110.104227,39.132766,2017,1,25,1234.980346,1324.888731,2098.503771,1353.405931,,,,,,,,,
406,147,GR510,-110.264802,39.244999,2017,1,25,1216.760732,1210.547118,2359.460758,1262.847,,,,,,,,,
407,90,GR229,-109.505474,38.647708,2017,1,25,1221.021748,1261.558241,2417.757566,1475.136756,,,,,,,,,
408,8,GR009,-110.076905,39.19624,2017,1,25,1209.36603,1274.868639,3039.521015,1268.362647,,,,,,,,,
409,85,GR224,-109.647948,38.550806,2017,1,25,1228.832651,1274.290082,2595.311143,1457.038551,,,,,,,,,
410,13,GR014,-110.071686,39.203815,2017,1,25,1166.94572,1221.494242,1897.798979,1209.465232,,,,,,,,,
411,95,GR302,-110.10693,39.132463,2017,1,25,1169.131737,1215.63558,2005.549735,1196.230245,,,,,,,,,
412,176,GR807,-109.591007,38.555179,2017,1,25,1117.650277,1088.27977,2740.402895,1079.559613,,,,,,,,,
413,154,GR517,-110.365427,38.841594,2017,1,30,1873.244636,2017.667275,3382.550923,2395.090796,,,,,,,,,
414,1,GR002,-110.103447,39.143842,2017,1,30,1657.495484,1945.282733,3370.549431,2332.009692,,,,,,,,,
415,2,GR003,-110.105558,39.144235,2017,1,30,1580.327579,1833.180618,3438.584504,2115.557559,,,,,,,,,
416,119,GR405,-110.114259,39.122297,2017,1,30,1455.645528,1594.13608,2868.181875,1753.226666,,,,,,,,,
417,99,GR306,-110.114107,39.120563,2017,1,30,1395.060079,1517.344961,2847.704493,1633.759542,,,,,,,,,
418,43,GR107,-110.101305,39.174321,2017,1,30,1398.640638,1522.207025,2915.683029,1643.537031,,,,,,,,,
419,28,GR032,-109.647405,38.548484,2017,1,30,1280.579425,1279.926138,2350.0001,1544.180668,,,,,,,,,
420,120,GR406,-110.270253,39.250312,2017,1,30,1216.453883,1192.178714,2378.253489,1192.265245,,,,,,,,,
421,19,GR023,-109.581478,38.576378,2017,1,30,1242.982715,1337.272155,2271.899645,1538.134467,,,,,,,,,
422,61,GR125,-109.310137,38.811081,2017,1,30,1106.636254,1162.666589,2509.391606,1185.879864,,,,,,,,,
423,112,GR319,-108.805313,38.36895,2017,1,30,1016.675453,1077.106256,2489.26822,1363.444705,,,,,,,,,
424,113,GR320,-108.805893,38.369014,2017,1,30,1007.830829,1104.976755,2630.506557,1378.608747,,,,,,,,,
425,188,5695,-109.10225,38.740056,2014,1,35,916.2186688,902.4260434,2557.11945,809.1425805,,,,,,,,,
426,192,5699,-109.133083,38.743833,2014,1,35,1057.044901,1121.539111,2890.5814,1259.759791,,,,,,,,,
427,191,5698,-109.250528,38.813056,2014,1,35,1391.308461,1485.400112,2744.171006,1755.001345,,,,,,,,,
428,41,GR105,-110.100564,39.162643,2017,1,35,1199.749544,1205.223559,2659.044537,1273.552157,,,,,,,,,
429,37,GR101,-110.098831,39.137823,2017,1,35,1137.274797,1113.384739,2780.013191,1078.969674,,,,,,,,,
430,74,GR213,-110.088797,39.192739,2017,1,35,1118.196824,1182.635576,1760.067828,1111.409205,,,,,,,,,
431,81,GR220,-109.583299,38.563417,2017,1,35,1177.55798,1221.573965,2711.116555,1288.843533,,,,,,,,,
432,189,5696,-109.121389,38.732111,2014,1,35,984.2685181,986.9698484,2516.157616,980.108808,,,,,,,,,
433,190,5697,-109.242361,38.820083,2014,1,35,1114.241941,1096.396768,2323.726858,1100.222004,,,,,,,,,
434,179,GR810,-109.646968,38.549187,2017,1,35,1078.830721,1043.873081,2498.553321,1068.718599,,,,,,,,,
435,159,GR522,-108.814425,38.3635,2017,1,35,1188.717118,1320.861305,2811.985844,1646.462229,,,,,,,,,
436,50,GR114,-109.584647,38.561574,2017,1,40,1348.033569,1409.573419,2493.670792,1619.39908,,,,,,,,,
437,98,GR305,-110.114419,39.120959,2017,1,40,1306.105219,1387.659924,1805.421008,1456.075589,,,,,,,,,
438,169,GR701,-110.102999,39.133093,2017,1,40,1220.078803,1295.116528,1554.87044,1316.615506,,,,,,,,,
439,0,GR001,-110.10171,39.133787,2017,1,40,1177.148302,1219.868513,2169.247821,1220.212225,,,,,,,,,
440,75,GR214,-110.090556,39.192847,2017,1,40,1133.445315,1219.528231,1131.251738,1195.579038,,,,,,,,,
441,22,GR026,-109.58529,38.560912,2017,1,40,1332.424949,1416.553001,2156.833022,1687.622138,,,,,,,,,
442,40,GR104,-110.101207,39.163479,2017,1,40,1139.040195,1080.577895,2175.429788,1068.305974,,,,,,,,,
443,84,GR223,-109.631731,38.571601,2017,1,40,995.4970646,959.0405461,2448.916458,936.8377684,,,,,,,,,
444,88,GR227,-109.560552,38.603726,2017,1,40,1061.952226,1040.580684,2715.403597,1030.200555,,,,,,,,,
445,69,GR208,-110.078211,39.193326,2017,1,45,1336.556565,1441.439784,2962.903741,1572.363783,,,,,,,,,
446,72,GR211,-110.081167,39.192174,2017,1,45,1150.656304,1159.003551,2948.615843,1080.576062,,,,,,,,,
447,139,GR502,-110.103484,39.132864,2017,1,45,1126.200957,1174.372332,2667.725321,1083.416269,,,,,,,,,
448,10,GR011,-110.075695,39.198066,2017,1,45,1106.63015,1161.684097,1650.774887,1113.154741,,,,,,,,,
449,89,GR228,-109.535364,38.609927,2017,1,45,1129.681059,1140.650951,3035.694631,1147.170474,,,,,,,,,
450,158,GR521,-108.814034,38.364118,2017,1,45,1024.299939,1095.863816,2465.879277,1379.233169,,,,,,,,,
451,132,GR418,-108.826452,38.429938,2017,1,45,981.7995,883.309217,1896.599464,891.0567726,,,,,,,,,
452,57,GR121,-109.534799,38.610421,2017,1,45,953.6877365,925.9975734,3885.60072,730.8970114,,,,,,,,,
453,124,GR410,-110.367756,38.850706,2017,1,50,2069.32293,2229.452322,3391.448387,2639.219096,,,,,,,,,
454,17,GR021,-110.179935,38.907144,2017,1,50,1624.970045,1719.721823,2551.701848,1840.846821,,,,,,,,,
455,9,GR010,-110.07648,39.196953,2017,1,50,1099.867256,1176.810832,2114.199585,1094.059184,,,,,,,,,
456,162,GR525,-108.818098,38.361918,2017,1,50,1035.74955,1120.762362,2722.628173,1409.295161,,,,,,,,,
457,110,GR317,-108.824353,38.361054,2017,1,50,993.9582213,966.1939285,2291.212021,1048.409914,,,,,,,,,
458,182,GR813,-109.535863,38.609523,2017,1,50,1167.166598,1209.393978,2451.067412,1321.908822,,,,,,,,,
459,23,GR027,-109.590087,38.556054,2017,1,50,1031.691562,980.4920156,2937.326677,855.808103,,,,,,,,,
460,151,GR514,-110.265578,39.2485,2017,1,55,1484.174354,1620.021762,2857.931111,1798.401975,,,,,,,,,
461,12,GR013,-110.071894,39.203359,2017,1,55,1138.609504,1182.076606,1939.585351,1155.201903,,,,,,,,,
462,142,GR505,-110.105948,39.132987,2017,1,55,1152.974285,1195.645269,2650.214688,1126.696451,,,,,,,,,
463,53,GR117,-109.633045,38.572953,2017,1,55,1247.304721,1296.466527,2258.413872,1522.244046,,,,,,,,,
464,44,GR108,-110.091531,39.192352,2017,1,65,1147.474866,1226.927052,1818.115873,1197.952019,,,,,,,,,
465,87,GR226,-109.560044,38.604525,2017,1,65,1016.726297,976.7021867,2782.516258,905.309531,,,,,,,,,
466,60,GR124,-109.32219,38.761993,2017,1,65,1120.163379,1163.349596,2775.763551,1290.093378,,,,,,,,,
467,178,GR809,-109.632746,38.57224,2017,1,70,1109.388815,1065.344084,2181.987702,1122.930612,,,,,,,,,
468,58,GR122,-109.505939,38.649175,2017,1,70,1212.655151,1319.008312,1828.825516,1566.747768,,,,,,,,,
469,52,GR116,-109.601894,38.540218,2017,1,75,1378.678263,1482.344254,2797.98646,1742.715498,,,,,,,,,
470,121,GR407,-110.269354,39.25066,2017,1,75,1201.079796,1173.00952,2304.560672,1151.740471,,,,,,,,,
471,83,GR222,-109.601129,38.5415,2017,1,75,1179.018808,1251.786855,2823.14302,1285.03079,,,,,,,,,
472,183,GR814,-109.505856,38.650856,2017,1,75,1200.089003,1247.090371,2067.346781,1475.901799,,,,,,,,,
473,177,GR808,-109.60219,38.539482,2017,1,75,1092.920849,1044.441744,2453.08943,1002.617176,,,,,,,,,
474,55,GR119,-109.559585,38.60536,2017,1,80,1054.364392,1003.98284,2748.799123,959.1567141,,,,,,,,,
475,56,GR120,-109.559187,38.606581,2017,1,90,1165.581897,1264.047718,2315.718722,1411.361573,,,,,,,,,
476,193,5721,-108.823507,38.43001,2014,1,100,1064.893548,1116.219485,2743.52014,1264.297877,,,,,,,,,
477,194,5723,-108.840038,38.453682,2014,1,100,971.4694815,959.7863584,2621.673778,962.9982921,,,,,,,,,
478,195,5725,-108.893449,38.307085,2014,1,100,884.2929602,879.4050532,3045.619334,758.0652425,,,,,,,,,
