system:index,TCB,blue,green,ndvi,ndwi,nir,presence,red,swir1,swir2,.geo
492_0,6712.676,1368,1987,0.15519178,-0.2885786,3599,0.0,2632,4058,3557,
491_0,3725.5280000000007,382,615,0.7989212,-0.742893,4169,0.0,466,1737,861,
504_0,5919.3638,1077,1655,0.23393227,-0.3666284,3571,0.0,2217,3472,2830,
493_0,2807.9622,287,578,0.689158,-0.67037356,2929,0.0,539,1271,576,
506_0,7573.764500000001,1892,2590,0.09883639,-0.20417883,3919,0.0,3214,4119,3466,
499_0,4374.9944000000005,351,645,0.8802499,-0.78719896,5417,0.0,345,1806,740,
495_0,5123.5213,677,1046,0.4507618,-0.57737374,3904,0.0,1478,3234,2094,
494_0,2980.6409000000003,368,430,0.5230235,-0.60604674,1753,0.0,549,3203,1808,
505_0,3551.1866000000005,840,1134,0.15026227,-0.24349566,1864,0.0,1377,2176,1726,
513_0,4531.570100000001,736,1050,0.40834326,-0.4755245,2954,0.0,1241,3281,2337,
511_0,3430.4476,192,562,0.7797663,-0.7286335,3580,0.0,443,1999,1012,
512_0,4298.4543,706,1016,0.4260572,-0.48334605,2917,0.0,1174,2952,2112,
514_0,4142.9395,391,629,0.8351268,-0.7672095,4775,0.0,429,1937,947,
498_0,4585.620000000001,330,578,0.9079935,-0.8201058,5848,0.0,282,1901,742,
497_0,3772.2405,551,802,0.43717125,-0.5081263,2459,0.0,963,2943,2011,
496_0,3544.4543000000003,489,791,0.62397116,-0.5992908,3157,0.0,731,2004,1187,
502_0,3427.9471000000003,623,826,0.3748757,-0.43034482,2074,0.0,943,2563,1932,
503_0,3512.6495,566,829,0.42727274,-0.47927135,2355,0.0,945,2433,1816,
472_0,3829.5492000000004,445,696,0.7360291,-0.6918309,3821,0.0,581,2178,1104,
476_0,4745.1148,776,1227,0.3631568,-0.44940543,3230,0.0,1509,2864,2144,
474_0,4510.3743,375,643,0.8805768,-0.7921112,5543,0.0,352,1933,807,
501_0,3465.4831,606,832,0.39235544,-0.43840703,2131,0.0,930,2721,1774,
479_0,3384.107,366,562,0.8074713,-0.7407749,3774,0.0,402,1646,750,
489_0,4142.353300000001,333,553,0.8829376,-0.8048694,5115,0.0,318,1799,739,
477_0,4806.951,1422,1829,0.21658206,-0.22252922,2876,0.0,1852,2214,1694,
478_0,3593.4075000000003,371,602,0.80361277,-0.7322064,3894,0.0,424,1916,864,
460_0,4586.392400000001,912,1332,0.22565207,-0.31569484,2561,0.0,1618,3001,2365,
481_0,5264.9481,1096,1642,0.16931216,-0.27264673,2873,0.0,2041,3178,2556,
482_0,4826.4547,878,1252,0.33436808,-0.41234452,3009,0.0,1501,3253,2404,
462_0,3588.1296,354,621,0.79033726,-0.72697294,3928,0.0,460,1747,880,
463_0,3235.7184,219,444,0.8810736,-0.80306053,4065,0.0,257,1308,530,
464_0,3711.9229000000005,485,826,0.5958222,-0.5981513,3285,0.0,832,2041,1243,
458_0,4718.7959,726,1124,0.4393112,-0.5060426,3427,0.0,1335,3050,1934,
480_0,4237.087,954,1361,0.18981598,-0.26847622,2360,0.0,1607,2429,2062,
475_0,5229.657900000001,966,1423,0.25105697,-0.37174392,3107,0.0,1860,3249,2668,
486_0,4527.5739,349,569,0.90588236,-0.8199367,5751,0.0,284,1902,725,
471_0,3914.8016,347,608,0.8650955,-0.76606387,4590,0.0,332,1887,795,
473_0,3933.7865,353,607,0.8649569,-0.7692454,4654,0.0,337,1846,758,
459_0,4219.7082,613,951,0.5091384,-0.53946733,3179,0.0,1034,2892,1734,
465_0,3566.1996000000004,268,676,0.80022395,-0.7120341,4019,0.0,446,1639,715,
483_0,4972.3932,1082,1493,0.18296182,-0.28444764,2680,0.0,1851,3119,2584,
470_0,3485.3484,424,731,0.6894154,-0.6355024,3280,0.0,603,2065,1014,
468_0,3554.2623,363,719,0.68366283,-0.6364096,3236,0.0,608,2297,1172,
469_0,3732.9191,422,745,0.6661714,-0.6373814,3364,0.0,674,2387,1249,
467_0,3613.981,233,552,0.85389537,-0.7676768,4200,0.0,331,1799,785,
484_0,3525.2154,441,734,0.5874688,-0.5918821,2863,0.0,744,2407,1404,
466_0,4398.440299999999,505,884,0.6653949,-0.6631739,4365,0.0,877,2112,1205,
487_0,3927.4674,656,999,0.41548184,-0.45809603,2688,0.0,1110,2572,1816,
488_0,3779.0297000000005,623,912,0.5003995,-0.5108608,2817,0.0,938,2448,1617,
485_0,3657.9599000000007,397,680,0.8115305,-0.70383275,3912,0.0,407,1987,880,
500_0,3717.5318,357,598,0.84445405,-0.753656,4257,0.0,359,1842,774,
446_0,6198.366099999999,1423,2088,0.1064666,-0.1945998,3097,0.0,2501,3767,3053,
442_0,3802.3748,341,693,0.8159692,-0.71977353,4253,0.0,431,1857,802,
443_0,3127.3410000000003,344,680,0.6677045,-0.62493104,2946,0.0,587,1727,952,
447_0,6034.2916,1410,2029,0.12638992,-0.19928966,3039,0.0,2357,3721,3011,
441_0,3569.6041000000005,397,701,0.7176879,-0.6632236,3462,0.0,569,2115,1018,
439_0,4255.8121,585,955,0.52696353,-0.5626288,3412,0.0,1057,2736,1484,
453_0,4098.6436,332,683,0.8443715,-0.749771,4776,0.0,403,1910,806,
452_0,4193.4505,335,704,0.8413651,-0.74919844,4910,0.0,423,1899,810,
440_0,4012.8318,372,704,0.77896684,-0.71985674,4322,0.0,537,2068,956,
432_0,4186.6723,421,799,0.76159215,-0.6861744,4293,0.0,581,2339,1095,
428_0,4227.8481,288,575,0.8923185,-0.8073702,5395,0.0,307,1633,664,
433_0,4246.1131000000005,554,909,0.591133,-0.5925594,3553,0.0,913,2751,1526,
434_0,3968.6738000000005,564,878,0.48247424,-0.5322323,2876,0.0,1004,2857,1694,
448_0,1637.5807,186,309,0.7597137,-0.6955665,1721,0.0,235,802,446,
449_0,5082.636800000001,1434,1624,0.44138777,-0.43385044,4113,0.0,1594,2045,1015,
451_0,4394.9086,469,889,0.6961228,-0.65794533,4309,0.0,772,2401,1212,
438_0,860.2924,208,369,0.4328018,-0.26052105,629,0.0,249,369,219,
490_0,3818.3384000000005,393,687,0.8173951,-0.7188459,4200,0.0,422,1946,869,
507_0,3733.2695000000003,390,670,0.77313566,-0.70976824,3947,0.0,505,1942,970,
510_0,3722.4051,310,526,0.87051547,-0.792177,4536,0.0,314,1624,675,
509_0,3198.7701,271,543,0.84521484,-0.74872744,3779,0.0,317,1397,593,
508_0,3595.7614999999996,339,585,0.8272042,-0.7515396,4124,0.0,390,1693,744,
437_0,3885.646800000001,413,737,0.66813236,-0.6604469,3604,0.0,717,2337,1301,
450_0,3444.3815,322,561,0.78708136,-0.7388268,3735,0.0,445,1760,892,
435_0,3374.5006000000003,371,607,0.76723915,-0.7005427,3447,0.0,454,1921,940,
436_0,4012.3578,410,783,0.70165503,-0.66609806,3907,0.0,685,2304,1137,
427_0,3792.5447,318,600,0.85297793,-0.76232916,4449,0.0,353,1776,756,
429_0,4554.0186,393,718,0.867105,-0.76509076,5395,0.0,384,2105,904,
455_0,4302.638500000001,332,628,0.87375176,-0.7864672,5254,0.0,354,1854,793,
454_0,4106.3773,330,635,0.8603066,-0.7711299,4914,0.0,369,1819,789,
431_0,3894.6639000000005,312,573,0.8648434,-0.7828723,4705,0.0,341,1723,716,
445_0,4881.8219,965,1507,0.17215133,-0.26933333,2618,0.0,1849,3087,2472,
456_0,3822.924,531,932,0.5721562,-0.553319,3241,0.0,882,2180,1294,
430_0,1941.4675000000002,364,733,0.28803545,-0.28172463,1308,0.0,723,836,655,
444_0,4936.0428,940,1406,0.22734427,-0.31995162,2729,0.0,1718,3338,2609,
457_0,3831.4099000000006,736,1036,0.38840806,-0.43741515,2647,0.0,1166,2328,1560,
289_0,1932.6189000000002,212,396,0.5780127,-0.64986736,1866,0.0,499,828,517,
288_0,2958.0728000000004,365,616,0.49513888,-0.55507404,2153,0.0,727,2142,1392,
318_0,3366.4991,539,813,0.3642132,-0.45123187,2150,0.0,1002,2370,1694,
313_0,3196.2772000000004,475,714,0.40986842,-0.500175,2143,0.0,897,2299,1556,
314_0,3466.7575000000006,487,739,0.44166157,-0.52307194,2360,0.0,914,2571,1724,
202_0,2337.6375,218,395,0.7901545,-0.7262647,2491,1.0,292,1287,588,
296_0,4189.437400000001,820,1110,0.26436782,-0.3711048,2420,0.0,1408,2698,2390,
297_0,3194.3555,714,953,0.18855098,-0.2708493,1661,0.0,1134,2092,1818,
298_0,4414.556100000001,1031,1422,0.13834587,-0.2298944,2271,0.0,1719,2618,2351,
300_0,5197.9184000000005,1029,1579,0.14585859,-0.2847112,2836,0.0,2114,3103,2457,
301_0,3550.81,671,1022,0.29909012,-0.36816075,2213,0.0,1194,2152,1678,
299_0,4823.7893,941,1408,0.23626013,-0.3344363,2823,0.0,1744,2851,2481,
208_0,2813.2852000000003,160,394,0.857935,-0.7985685,3518,1.0,269,1098,458,
207_0,2614.5038,180,403,0.82119596,-0.76832426,3076,1.0,302,1136,532,
209_0,3207.7655000000004,196,453,0.83690363,-0.7856129,3773,1.0,335,1492,704,
206_0,2736.0043,169,397,0.8422222,-0.7861568,3316,1.0,284,1153,502,
205_0,2548.6871,163,365,0.83419377,-0.7843427,3020,1.0,273,1153,516,
203_0,2197.0914000000002,145,349,0.790106,-0.7578071,2533,1.0,297,978,428,
204_0,1897.9158,131,296,0.8239351,-0.7672956,2248,1.0,217,822,351,
315_0,3439.8437000000004,446,711,0.5002957,-0.56219214,2537,0.0,845,2499,1516,
319_0,3424.0559000000003,457,729,0.46779048,-0.53962743,2438,0.0,884,2489,1572,
311_0,3314.6250999999997,474,740,0.39163497,-0.49591282,2196,0.0,960,2368,1647,
312_0,3355.496,477,737,0.41945672,-0.50603217,2247,0.0,919,2473,1656,
317_0,1786.4613,278,510,0.45809174,-0.46117273,1383,0.0,514,974,588,
316_0,2020.9759000000001,343,608,0.3877017,-0.44702137,1591,0.0,702,913,485,
323_0,3273.4012000000002,417,682,0.4805599,-0.5545395,2380,0.0,835,2372,1459,
321_0,3303.9601000000002,387,683,0.5517847,-0.5904048,2652,0.0,766,2226,1302,
322_0,3221.935700000001,342,618,0.6083794,-0.6345358,2764,0.0,673,2139,1165,
324_0,3425.8177000000005,485,762,0.46190476,-0.5264139,2456,0.0,904,2333,1614,
325_0,3466.9343000000003,456,777,0.45771733,-0.52066624,2465,0.0,917,2458,1568,
320_0,2364.0525000000007,289,545,0.53505534,-0.54902774,1872,0.0,567,1532,920,
332_0,3210.4988,417,688,0.45495936,-0.52957267,2237,0.0,838,2328,1584,
334_0,3074.4735,396,685,0.40833884,-0.51297545,2128,0.0,894,2089,1479,
327_0,2418.8346,182,481,0.6825843,-0.6656239,2396,0.0,452,1299,654,
333_0,3230.131700000001,371,646,0.5388349,-0.59396607,2536,0.0,760,2254,1328,
328_0,983.3597,102,285,0.60487807,-0.5518868,987,0.0,243,327,178,
326_0,2172.7733000000003,225,479,0.64404106,-0.62607336,2083,0.0,451,1127,567,
200_0,3026.1574000000005,198,432,0.83123976,-0.77173054,3353,1.0,309,1719,753,
201_0,3219.9225000000006,256,497,0.79242265,-0.7422199,3359,1.0,389,1951,904,
199_0,3295.0674,225,459,0.8265048,-0.7744472,3611,1.0,343,1888,894,
330_0,3757.0377000000003,300,692,0.7140187,-0.6825688,3668,0.0,612,2223,1171,
335_0,2956.3565000000003,274,615,0.68109757,-0.6352313,2757,0.0,523,1799,916,
337_0,2556.8764,321,586,0.4158103,-0.5069415,1791,0.0,739,1743,1158,
331_0,2350.9641,238,428,0.6135898,-0.64318466,1971,0.0,472,1621,980,
342_0,3006.0360000000005,441,653,0.5378666,-0.5702534,2386,0.0,717,1949,1171,
340_0,2984.0305000000003,425,707,0.47972754,-0.52677375,2281,0.0,802,1820,1225,
338_0,6110.161500000001,1109,1613,0.2451348,-0.36745098,3487,0.0,2114,4107,3301,
339_0,6962.4428,1559,2305,0.13315926,-0.20200796,3472,0.0,2656,4316,3807,
341_0,2987.365100000001,469,765,0.37422037,-0.44323143,1983,0.0,903,1964,1401,
115_0,2424.1172,235,405,0.7558309,-0.7121535,2409,1.0,335,1502,740,
109_0,2413.3202000000006,199,393,0.7827127,-0.73817456,2609,1.0,318,1283,586,
108_0,2633.0011,245,442,0.7692308,-0.72392255,2760,1.0,360,1461,692,
187_0,3160.5195000000003,200,460,0.8329049,-0.7714286,3565,1.0,325,1686,762,
186_0,3098.1648,308,540,0.76539755,-0.7075548,3153,1.0,419,1783,921,
355_0,3337.7766000000006,297,566,0.64271736,-0.6769406,2938,0.0,639,2309,1219,
356_0,3375.5209,337,606,0.6220339,-0.65142363,2871,0.0,669,2363,1297,
354_0,2943.9732,399,691,0.42927343,-0.49321598,2036,0.0,813,2009,1431,
352_0,3045.7986000000005,354,603,0.530343,-0.5874102,2320,0.0,712,2192,1358,
353_0,6833.471500000001,1474,2127,0.20893036,-0.2608167,3628,0.0,2374,4530,3641,
188_0,3150.7208000000005,234,497,0.8053567,-0.74519354,3404,1.0,367,1762,820,
189_0,3100.9463,235,421,0.8479445,-0.79720616,3731,1.0,307,1386,579,
190_0,3080.5012,237,417,0.8423968,-0.7953876,3659,1.0,313,1419,616,
191_0,2808.4659,217,386,0.82642776,-0.78837717,3262,1.0,310,1333,622,
194_0,2828.9763000000003,368,550,0.6574803,-0.6423927,2526,1.0,522,1746,1047,
195_0,2817.8876000000005,197,399,0.82775676,-0.77457625,3141,1.0,296,1494,774,
192_0,3029.6142,213,389,0.85103095,-0.80452263,3591,1.0,289,1475,618,
193_0,3226.3756,209,355,0.89061075,-0.84232736,4148,1.0,240,1302,501,
198_0,2859.2877000000003,159,356,0.8655418,-0.8171546,3538,1.0,255,1255,498,
197_0,2994.0730000000003,221,470,0.8119658,-0.7566028,3392,1.0,352,1459,677,
196_0,3038.7004,226,446,0.8345007,-0.775992,3536,1.0,319,1453,638,
343_0,3031.9109000000003,393,680,0.5451421,-0.5686648,2473,0.0,728,1845,1175,
344_0,3329.6569000000004,361,638,0.5989688,-0.62787986,2791,0.0,700,2256,1289,
346_0,3253.1584000000003,409,673,0.5044739,-0.5673417,2438,0.0,803,2298,1427,
345_0,3288.5808000000006,395,694,0.4963054,-0.5556978,2430,0.0,818,2310,1523,
350_0,2943.6217000000006,246,566,0.6952045,-0.6715985,2881,0.0,518,1636,898,
351_0,3098.9873,488,752,0.45638022,-0.49682167,2237,0.0,835,2060,1292,
349_0,3357.7697999999996,368,647,0.54063606,-0.6034324,2616,0.0,780,2413,1420,
348_0,3247.3089999999997,333,601,0.58966655,-0.6298121,2646,0.0,683,2327,1329,
347_0,3363.8035,364,638,0.57180464,-0.6162406,2687,0.0,732,2419,1396,
371_0,625.6563,125,247,0.40425533,-0.303244,462,0.0,196,261,184,
381_0,3123.2781,368,634,0.6212778,-0.63118094,2804,0.0,655,1842,1031,
377_0,3171.8589,382,678,0.49236047,-0.55845004,2393,0.0,814,2098,1446,
172_0,2836.7841,179,376,0.8510122,-0.8023653,3429,1.0,276,1260,561,
168_0,2846.7919,188,415,0.8425672,-0.7800742,3359,1.0,287,1325,586,
170_0,2847.4307,204,399,0.81628036,-0.7790698,3213,1.0,325,1452,704,
169_0,2881.5797999999995,179,405,0.8501348,-0.7888976,3432,1.0,278,1341,581,
171_0,2844.7780000000002,229,442,0.77379555,-0.7445825,3019,1.0,385,1554,794,
375_0,3112.3833,414,656,0.43841693,-0.5253256,2108,0.0,823,2283,1637,
387_0,1088.002,173,409,0.274276,-0.29299915,748,0.0,426,443,345,
396_0,3319.7972,352,644,0.5682997,-0.61723626,2721,0.0,749,2226,1341,
382_0,3007.2979,355,659,0.5097351,-0.56415343,2365,0.0,768,1904,1233,
383_0,3023.6005000000005,363,648,0.51391107,-0.57014924,2367,0.0,760,1951,1267,
376_0,3126.8761,525,825,0.34365925,-0.43240455,2082,0.0,1017,1901,1414,
277_0,2991.8898000000004,390,676,0.44802147,-0.5231041,2159,0.0,823,1974,1391,
276_0,3182.9183999999996,372,660,0.5588497,-0.5986622,2629,0.0,744,2011,1233,
275_0,2918.9158,392,651,0.42063215,-0.5170623,2045,0.0,834,1958,1397,
274_0,3156.3325,420,713,0.4052835,-0.5072564,2181,0.0,923,2100,1546,
278_0,3203.0652,336,613,0.5832836,-0.6245023,2652,0.0,698,2138,1318,
272_0,3117.0267000000003,356,652,0.5352156,-0.5828535,2474,0.0,749,2022,1335,
279_0,3197.0596,372,626,0.48438013,-0.56573015,2257,0.0,784,2393,1669,
280_0,2768.4027000000006,314,569,0.5281764,-0.5864826,2183,0.0,674,1805,1208,
281_0,3529.9562000000005,265,585,0.6958946,-0.7023658,3346,0.0,600,2267,1181,
290_0,3418.64,406,687,0.5644315,-0.59228486,2683,0.0,747,2392,1519,
291_0,2944.978,468,660,0.45489296,-0.48497853,1903,0.0,713,2291,1619,
293_0,3000.5494,491,688,0.39517057,-0.45135567,1820,0.0,789,2361,1719,
292_0,2891.3874000000005,487,665,0.38773853,-0.4397641,1709,0.0,754,2335,1686,
295_0,3083.7120000000004,459,677,0.49328494,-0.50475496,2057,0.0,698,2411,1688,
294_0,3118.6576,425,663,0.52460665,-0.5489796,2277,0.0,710,2237,1554,
226_0,2892.0612000000006,251,511,0.7554508,-0.70716333,2979,1.0,415,1596,826,
224_0,2852.5444,205,438,0.82958907,-0.7680699,3339,1.0,311,1296,586,
227_0,3101.2068,191,417,0.8577641,-0.7939723,3631,1.0,278,1583,678,
231_0,3382.6293,274,579,0.7385452,-0.7058674,3358,1.0,505,2026,1069,
228_0,3001.5812,259,488,0.73813707,-0.7175109,2967,1.0,447,1818,988,
225_0,2965.9051000000004,183,402,0.8401964,-0.7870763,3374,1.0,293,1584,728,
230_0,2885.0548000000003,190,386,0.8417382,-0.7978528,3433,1.0,295,1328,595,
229_0,2649.3025000000002,176,329,0.8598909,-0.81558293,3239,1.0,244,1181,492,
237_0,2088.124,240,404,0.68329895,-0.6695297,2041,1.0,384,1096,629,
236_0,1594.0876,119,253,0.78531647,-0.74900794,1763,1.0,212,780,398,
233_0,2856.318,228,402,0.8074373,-0.77268875,3135,1.0,334,1527,787,
232_0,2354.5205,176,340,0.827705,-0.77272725,2652,1.0,250,1212,599,
234_0,2274.3414000000002,184,370,0.7822287,-0.7373092,2447,1.0,299,1187,617,
235_0,2115.4335,201,376,0.7456556,-0.7092034,2210,1.0,322,1074,590,
239_0,2716.7747000000004,230,455,0.7340596,-0.7121164,2706,1.0,415,1574,895,
238_0,3128.4270000000006,397,637,0.58285195,-0.6067901,2603,1.0,686,1968,1278,
271_0,3298.2432000000003,348,640,0.55219364,-0.600624,2565,0.0,740,2326,1533,
273_0,3476.0399,344,630,0.59358585,-0.64123005,2882,0.0,735,2386,1467,
240_0,2218.9263,174,332,0.8053936,-0.7636169,2477,1.0,267,1122,544,
244_0,2722.8954,196,367,0.81528664,-0.7904055,3135,1.0,319,1306,635,
243_0,2668.7981000000004,150,318,0.8713092,-0.8270329,3359,1.0,231,1107,452,
250_0,2566.5528000000004,191,389,0.77307695,-0.7534073,2766,1.0,354,1353,693,
247_0,2728.3181999999997,204,400,0.8014815,-0.76744187,3040,1.0,335,1377,694,
246_0,2783.7865,200,366,0.83807683,-0.8017335,3326,1.0,293,1258,549,
249_0,2556.2049,172,341,0.83076924,-0.79433054,2975,1.0,275,1241,572,
251_0,2654.8509,174,347,0.8448276,-0.80489177,3210,1.0,270,1165,517,
248_0,2471.2695000000003,184,354,0.81615067,-0.77868086,2845,1.0,288,1182,542,
147_0,2523.9174000000003,188,385,0.80599874,-0.7604977,2830,1.0,304,1244,626,
150_0,3035.8111000000004,188,370,0.84136856,-0.8113208,3552,1.0,306,1511,709,
143_0,2551.2885,160,321,0.86221296,-0.81353474,3122,1.0,231,1133,483,
146_0,2563.3222,149,297,0.8701601,-0.830721,3212,1.0,223,1083,451,
144_0,2799.8161000000005,146,297,0.88727945,-0.8469072,3583,1.0,214,1168,462,
145_0,2637.8074000000006,204,396,0.79063886,-0.7545708,2831,1.0,331,1455,733,
149_0,2801.4017999999996,194,368,0.82046884,-0.7927928,3184,1.0,314,1437,688,
148_0,2434.2636,140,299,0.85393256,-0.8170694,2970,1.0,234,1077,480,
270_0,388.5907,42,115,0.53103447,-0.48660713,333,0.0,102,187,114,
269_0,930.6702,98,239,0.5216495,-0.5107472,738,0.0,232,568,356,
268_0,3269.3519000000006,361,637,0.52965975,-0.59899276,2540,0.0,781,2243,1478,
167_0,3031.5592000000006,150,344,0.87493724,-0.83124846,3733,1.0,249,1412,591,
166_0,2938.844600000001,168,342,0.87286824,-0.827534,3624,1.0,246,1339,554,
165_0,1870.6951000000001,133,270,0.82605076,-0.78084415,2194,1.0,209,841,406,
164_0,2555.6456000000007,126,320,0.85406697,-0.8128655,3100,1.0,244,1171,506,
163_0,2818.7577,158,321,0.873673,-0.83329004,3530,1.0,238,1218,497,
162_0,3055.3174,204,408,0.8474184,-0.7962038,3596,1.0,297,1488,654,
160_0,2902.5316000000003,160,308,0.89016604,-0.8463074,3700,1.0,215,1240,484,
159_0,2901.1899000000003,154,303,0.8900537,-0.8484621,3696,1.0,215,1247,493,
161_0,2637.8917,151,298,0.88616514,-0.83648837,3347,1.0,202,1114,443,
156_0,2057.9145000000003,129,271,0.85494506,-0.80663574,2532,1.0,198,862,376,
155_0,2304.9965,155,304,0.8494624,-0.80104715,2752,1.0,224,1068,476,
153_0,2632.6874000000007,158,360,0.8662457,-0.80060923,3251,1.0,233,1123,455,
157_0,2505.1014,138,294,0.87930524,-0.8313253,3192,1.0,205,1014,400,
151_0,2359.0286000000006,123,287,0.8732748,-0.82462573,2986,1.0,202,959,387,
152_0,2637.9790000000003,134,282,0.88959426,-0.84777325,3423,1.0,200,1043,399,
154_0,2383.8266000000003,168,355,0.8397074,-0.7725088,2766,1.0,241,1169,502,
180_0,2483.5060000000003,160,377,0.8272467,-0.7682852,2877,1.0,272,1175,543,
181_0,2960.4833000000003,205,470,0.80399674,-0.750332,3295,1.0,358,1506,709,
179_0,2282.7446,152,321,0.8467715,-0.7916261,2760,1.0,229,985,432,
183_0,2240.2648000000004,143,306,0.8459441,-0.7969476,2708,1.0,226,975,433,
182_0,2078.0805,127,286,0.84444445,-0.7939481,2490,1.0,210,927,426,
178_0,2677.6451000000006,158,372,0.84785694,-0.7948718,3255,1.0,268,1150,498,
184_0,2800.3526,170,390,0.8425876,-0.79516804,3418,1.0,292,1169,498,
176_0,2613.7356000000004,182,404,0.8272997,-0.7680161,3079,1.0,291,1150,525,
177_0,2804.2199000000005,207,426,0.82519424,-0.7706595,3289,1.0,315,1243,583,
174_0,2832.4283000000005,200,452,0.8011429,-0.7491676,3152,1.0,348,1392,725,
173_0,2763.6145000000006,164,389,0.85024685,-0.7931951,3373,1.0,273,1170,502,
185_0,2521.8827000000006,164,370,0.8397319,-0.7816465,3019,1.0,263,1103,484,
175_0,2574.5613000000003,171,397,0.8201504,-0.7680397,3026,1.0,299,1131,516,
136_0,2403.8338000000003,146,323,0.86132514,-0.8067604,3020,1.0,225,940,382,
137_0,2868.6771000000003,150,334,0.890752,-0.8352651,3721,1.0,215,1121,408,
139_0,2518.7096,161,328,0.87129,-0.81321186,3184,1.0,219,985,403,
138_0,2721.4543000000003,167,359,0.856103,-0.8045727,3315,1.0,257,1216,491,
140_0,2527.3825000000006,167,335,0.8589705,-0.8063024,3124,1.0,237,1061,426,
158_0,2652.6647000000003,149,324,0.8776878,-0.8241997,3362,1.0,219,1077,434,
135_0,2032.5770000000002,174,345,0.7848254,-0.7313084,2223,1.0,268,999,509,
134_0,2436.2113,171,363,0.8312864,-0.77284104,2833,1.0,261,1156,515,
141_0,2668.8417000000004,172,378,0.8431936,-0.7892389,3209,1.0,273,1173,508,
133_0,2015.4501,159,345,0.80421215,-0.74040633,2313,1.0,251,885,419,
265_0,2492.0262,479,627,0.24530168,-0.33510074,1259,0.0,763,1981,1608,
142_0,2245.2303,154,315,0.8364312,-0.79221636,2717,1.0,242,935,422,
131_0,2005.6850000000004,172,353,0.7696039,-0.72226596,2189,1.0,285,936,509,
132_0,2540.7643000000003,227,412,0.7690339,-0.7406358,2765,1.0,361,1278,595,
126_0,2213.3024000000005,179,347,0.8084404,-0.7531128,2464,1.0,261,1116,543,
127_0,1843.1476,139,289,0.81329924,-0.7607616,2127,1.0,219,832,402,
128_0,1842.8781000000001,147,297,0.7968007,-0.74989474,2078,1.0,235,849,440,
125_0,1608.6959000000002,133,272,0.8074504,-0.7457944,1868,1.0,199,671,332,
124_0,2730.5049000000004,200,400,0.8043924,-0.770181,3081,1.0,334,1344,652,
253_0,3466.2115000000003,407,670,0.55099684,-0.60047704,2684,0.0,777,2518,1510,
252_0,3524.2044000000005,343,643,0.61117136,-0.6441616,2971,0.0,717,2481,1346,
264_0,2987.755,277,617,0.6254222,-0.62193626,2647,0.0,610,1868,1018,
3_0,2582.684,175,390,0.8291944,-0.771261,3020,1.0,282,1207,513,
2_0,2658.9179000000004,181,372,0.82841665,-0.7817542,3037,1.0,285,1349,629,
8_0,2464.9601000000002,222,406,0.76802284,-0.7183489,2477,1.0,325,1540,730,
7_0,2754.1688000000004,193,392,0.8433258,-0.7852643,3259,1.0,277,1275,562,
210_0,3098.1808,184,372,0.87153286,-0.8236131,3846,1.0,264,1350,566,
215_0,3091.7041000000004,205,399,0.8585257,-0.807386,3744,1.0,285,1396,612,
213_0,2908.9247,198,397,0.8536973,-0.79609656,3497,1.0,276,1316,574,
214_0,3140.8417,185,365,0.87592816,-0.8294791,3916,1.0,259,1371,572,
216_0,3380.9640000000004,200,443,0.87167734,-0.8042854,4084,1.0,280,1602,678,
212_0,2773.1822,142,327,0.88425803,-0.8312693,3549,1.0,218,1106,455,
211_0,2902.5872,175,367,0.8757091,-0.8166833,3637,1.0,241,1201,512,
219_0,2721.8482,164,317,0.8750688,-0.829753,3407,1.0,227,1165,483,
241_0,2956.2778,197,405,0.81833243,-0.7809627,3293,1.0,329,1581,788,
245_0,2914.7209000000007,185,381,0.8401084,-0.7981992,3395,1.0,295,1429,695,
242_0,2772.4607000000005,210,404,0.7886723,-0.75815624,2937,1.0,347,1540,880,
220_0,2748.6642,252,407,0.7774463,-0.7595984,2979,1.0,373,1422,727,
222_0,3379.8319,268,492,0.81701916,-0.7649307,3694,1.0,372,1868,915,
221_0,3235.0341,267,543,0.77731854,-0.7273412,3440,1.0,431,1727,878,
217_0,2783.54,169,352,0.85211855,-0.8095238,3344,1.0,267,1281,587,
218_0,2147.4237000000003,162,312,0.82794917,-0.7795053,2518,1.0,237,965,463,
267_0,906.3219,151,305,0.5247148,-0.44896117,802,0.0,250,311,230,
266_0,1472.8794000000003,229,369,0.58386683,-0.5404732,1237,0.0,325,875,476,
223_0,2986.2294,236,433,0.8149447,-0.7719252,3364,1.0,343,1509,720,
6_0,2897.4654,207,413,0.84170717,-0.7838828,3409,1.0,293,1372,590,
5_0,3015.7025,180,375,0.87180126,-0.81892806,3767,1.0,258,1292,496,
9_0,2841.2629000000006,232,462,0.80656207,-0.74531424,3166,1.0,339,1447,629,
10_0,2821.9235000000003,212,411,0.8338028,-0.7757774,3255,1.0,295,1412,586,
14_0,2842.5768000000003,223,401,0.83189535,-0.78277355,3291,1.0,302,1388,610,
12_0,2747.3323000000005,221,383,0.84009135,-0.7875173,3222,1.0,280,1308,564,
4_0,2960.4846,187,418,0.84847695,-0.7893145,3550,1.0,291,1343,565,
11_0,2647.0774,234,418,0.7969192,-0.74481076,2858,1.0,323,1432,690,
13_0,2803.3613,221,395,0.8350916,-0.7864865,3305,1.0,297,1291,561,
17_0,2844.0310999999997,259,484,0.7850144,-0.7296845,3097,1.0,373,1424,699,
15_0,3147.4307000000003,253,437,0.83869374,-0.7895497,3716,1.0,326,1464,622,
16_0,2992.9392000000007,240,420,0.8491062,-0.7866396,3517,1.0,287,1436,621,
20_0,3075.0638000000004,250,430,0.828454,-0.78446114,3560,1.0,334,1497,648,
21_0,2940.5539,242,424,0.8189725,-0.7750663,3346,1.0,333,1471,653,
22_0,3049.1618,273,481,0.8004827,-0.74934864,3357,1.0,372,1581,724,
27_0,3177.4688000000006,275,553,0.80378926,-0.725422,3475,1.0,378,1645,754,
26_0,3143.1158000000005,230,484,0.84472364,-0.7670277,3671,1.0,309,1497,647,
25_0,2879.05,262,453,0.7918811,-0.74742126,3134,1.0,364,1527,694,
24_0,3147.8653,262,480,0.82557845,-0.7641278,3590,1.0,343,1547,699,
23_0,3067.9481,258,459,0.8203845,-0.76551723,3456,1.0,341,1545,735,
19_0,2799.4398000000006,201,384,0.838587,-0.7961242,3383,1.0,297,1196,516,
18_0,2899.0999,217,436,0.8356531,-0.7743855,3429,1.0,307,1297,565,
254_0,3605.3315000000002,392,705,0.5903614,-0.62309545,3036,0.0,782,2391,1347,
256_0,3571.2841000000003,348,657,0.63319,-0.66177607,3228,0.0,725,2245,1181,
38_0,2995.0829000000003,241,455,0.8022094,-0.7655243,3426,1.0,376,1390,642,
39_0,2936.6769000000004,231,436,0.813658,-0.7742103,3426,1.0,352,1295,618,
40_0,3027.8497,240,416,0.8294693,-0.79026973,3551,1.0,331,1415,618,
41_0,3254.7491,230,369,0.8819004,-0.83701414,4159,1.0,261,1295,512,
32_0,2946.9327000000003,239,422,0.81788707,-0.77707344,3364,1.0,337,1464,642,
34_0,3144.8071000000004,237,422,0.83962727,-0.79774743,3751,1.0,327,1431,607,
42_0,3040.7713,239,425,0.8299616,-0.7873937,3573,1.0,332,1408,611,
35_0,3030.7426,222,410,0.8338021,-0.7947948,3586,1.0,325,1408,594,
33_0,3026.3453,241,438,0.8207645,-0.77895534,3525,1.0,347,1399,619,
36_0,2860.7215000000006,229,415,0.82570565,-0.77843034,3331,1.0,318,1349,573,
37_0,2641.5298000000007,230,402,0.8083974,-0.76763004,3058,1.0,324,1175,546,
31_0,3060.1532,243,424,0.8240741,-0.786398,3546,1.0,342,1483,635,
30_0,2949.0383,235,433,0.81744534,-0.77198523,3365,1.0,338,1447,653,
29_0,3164.1209,266,426,0.8359025,-0.79310346,3692,1.0,330,1523,673,
43_0,2705.7672000000002,236,425,0.78303033,-0.7475498,2942,1.0,358,1421,652,
28_0,2794.3300000000004,241,446,0.8047647,-0.7488739,3106,1.0,336,1413,649,
44_0,2787.0129,251,446,0.7843427,-0.7426428,3020,1.0,365,1464,684,
45_0,2915.9254,282,481,0.7863368,-0.7370148,3177,1.0,380,1466,723,
46_0,2772.4041,278,456,0.7844418,-0.73649234,3005,1.0,363,1410,694,
47_0,3406.2189000000003,286,521,0.7918959,-0.7460395,3582,1.0,416,2008,945,
49_0,2985.7330000000006,267,472,0.80947256,-0.753782,3362,1.0,354,1460,665,
48_0,3305.4961000000003,293,519,0.79226804,-0.7402402,3477,1.0,403,1935,897,
50_0,3123.5669000000003,266,483,0.7915633,-0.74115753,3249,1.0,378,1891,884,
261_0,3555.4846000000002,611,849,0.37361202,-0.42479676,2103,0.0,959,2746,2096,
51_0,3398.8842,280,541,0.7851282,-0.7309796,3481,1.0,419,2092,1013,
52_0,2817.5579000000002,345,529,0.6677632,-0.65469974,2535,1.0,505,1735,1089,
61_0,2853.1938,278,485,0.73379487,-0.7006173,2755,1.0,423,1816,921,
53_0,3160.5335999999998,255,498,0.79261285,-0.73608905,3276,1.0,379,1912,929,
56_0,3122.9854,260,493,0.78224456,-0.7324288,3192,1.0,390,1922,940,
54_0,3172.3296000000005,311,534,0.73706293,-0.70651275,3105,1.0,470,1950,1022,
58_0,3069.4208000000003,249,487,0.7977404,-0.74019736,3262,1.0,367,1764,823,
419_0,3113.7462,423,679,0.46883288,-0.53075325,2215,0.0,801,2259,1412,
255_0,3217.1731000000004,405,666,0.47749448,-0.5579157,2347,0.0,830,2270,1487,
257_0,3346.4880000000003,385,660,0.5519253,-0.60240966,2660,0.0,768,2322,1375,
129_0,2445.0314000000003,174,352,0.82857144,-0.78,2848,1.0,267,1158,516,
123_0,2661.6409000000003,194,406,0.8216409,-0.76599425,3064,1.0,300,1275,565,
130_0,2462.1157000000003,157,356,0.81988746,-0.7819963,2910,1.0,288,1091,484,
122_0,2331.4413,150,323,0.8366417,-0.7945946,2822,1.0,251,983,437,
121_0,2667.7598000000003,185,395,0.8280733,-0.77008146,3041,1.0,286,1318,652,
120_0,2623.2601,156,331,0.850367,-0.81651884,3277,1.0,265,1035,446,
119_0,2657.2949000000003,173,355,0.8369871,-0.8040298,3268,1.0,290,1057,468,
118_0,2362.8453000000004,155,341,0.8365908,-0.78734016,2866,1.0,255,975,428,
117_0,2806.0062000000003,248,449,0.7677925,-0.7343195,2931,1.0,385,1519,863,
116_0,2088.726,146,309,0.83847284,-0.78030574,2504,1.0,220,882,416,
110_0,2326.4717000000005,221,396,0.77521616,-0.72307694,2464,1.0,312,1246,610,
111_0,2254.5124000000005,173,343,0.8099321,-0.76147425,2533,1.0,266,1137,522,
107_0,2524.3976,201,358,0.8165548,-0.77625,2842,1.0,287,1323,569,
106_0,2635.2884000000004,222,383,0.7901003,-0.76358026,2857,1.0,335,1433,685,
104_0,2466.8202,200,399,0.7838384,-0.738189,2649,1.0,321,1341,621,
105_0,2566.876,227,406,0.7824951,-0.74098885,2729,1.0,333,1427,674,
97_0,2833.0459,224,415,0.81695676,-0.772665,3236,1.0,326,1402,603,
86_0,2241.8632,279,443,0.6430691,-0.6278874,1938,1.0,421,1437,897,
103_0,2364.1822,218,392,0.7393539,-0.7160449,2369,1.0,355,1432,665,
92_0,2265.4473000000003,211,359,0.7567568,-0.7339755,2340,1.0,324,1319,602,
102_0,2530.9004000000004,233,409,0.7679112,-0.73065525,2628,1.0,345,1472,669,
100_0,2819.4725000000003,217,410,0.8146067,-0.77472526,3230,1.0,330,1373,604,
101_0,2701.0377000000003,215,398,0.8155048,-0.76718336,3021,1.0,307,1388,669,
91_0,2168.9441,177,356,0.7952522,-0.74351585,2420,1.0,276,1042,510,
99_0,2289.5178,177,352,0.81088626,-0.761113,2595,1.0,271,1122,508,
95_0,2431.9192000000003,214,388,0.79690653,-0.74640524,2672,1.0,302,1246,594,
98_0,2553.9464000000003,222,417,0.77028316,-0.7392935,2782,1.0,361,1304,570,
93_0,2536.2028,222,404,0.776565,-0.7451908,2767,1.0,348,1304,585,
88_0,2590.5200999999997,224,405,0.79222435,-0.74821264,2812,1.0,326,1399,629,
87_0,2259.1304999999998,201,365,0.7793957,-0.74012107,2444,1.0,303,1192,536,
89_0,2511.729,199,384,0.7964459,-0.75726926,2780,1.0,315,1318,563,
112_0,2615.1911,250,451,0.74975175,-0.708468,2643,1.0,378,1510,776,
114_0,2754.0033999999996,242,440,0.7809524,-0.74358976,2992,1.0,368,1439,656,
113_0,2725.5193999999997,242,434,0.79785967,-0.74898785,3024,1.0,340,1376,616,
96_0,2369.9600000000005,177,338,0.8233906,-0.7778508,2705,1.0,262,1206,516,
90_0,2508.9057000000003,174,365,0.82578397,-0.77517706,2882,1.0,275,1256,533,
94_0,2653.8349,192,389,0.823372,-0.7748191,3066,1.0,297,1280,559,
85_0,2549.1791000000003,207,403,0.8203295,-0.7580306,2928,1.0,289,1216,516,
84_0,2216.495,153,354,0.8442822,-0.7645494,2653,1.0,224,953,406,
78_0,2199.1021000000005,182,325,0.8224982,-0.76950353,2495,1.0,243,1100,506,
79_0,2366.6192,181,340,0.842962,-0.789278,2887,1.0,246,962,410,
80_0,2656.3742,180,343,0.86617935,-0.81267065,3319,1.0,238,1088,435,
76_0,2051.3722000000002,152,314,0.82474613,-0.7708029,2426,1.0,233,884,400,
77_0,2078.4723000000004,140,290,0.8493544,-0.7977685,2578,1.0,210,808,351,
75_0,2432.5621000000006,147,324,0.86002445,-0.8075438,3043,1.0,229,974,391,
421_0,3109.3523,421,670,0.48751643,-0.5432856,2264,0.0,780,2223,1388,
420_0,3084.8574,414,662,0.50114566,-0.55194587,2293,0.0,762,2173,1341,
73_0,2889.8597000000004,290,504,0.7302672,-0.69343066,2784,1.0,434,1798,961,
72_0,2906.1961,237,469,0.7783019,-0.73084646,3016,1.0,376,1694,844,
74_0,2853.8818,233,430,0.81741333,-0.7647059,3225,1.0,324,1429,654,
71_0,2619.7954000000004,254,442,0.7588841,-0.7139159,2648,1.0,363,1519,820,
63_0,3064.5486,245,463,0.80692375,-0.74789,3210,1.0,343,1890,865,
62_0,2717.1461,227,417,0.8010668,-0.7462732,2870,1.0,317,1608,748,
70_0,2561.9038,199,356,0.83745164,-0.7931435,3086,1.0,273,1103,461,
67_0,2956.3374000000003,265,522,0.7478544,-0.69956833,2953,1.0,426,1765,882,
66_0,2510.7106,236,462,0.7376255,-0.68909824,2510,1.0,379,1454,720,
68_0,2887.2547999999997,233,461,0.8133783,-0.74993217,3226,1.0,332,1469,667,
69_0,2506.1854000000003,229,416,0.78457355,-0.72649574,2626,1.0,317,1432,679,
82_0,2494.044,180,328,0.83821654,-0.79589295,2886,1.0,254,1271,550,
81_0,2842.9503000000004,185,347,0.8733385,-0.82390255,3594,1.0,243,1144,460,
83_0,2792.2755000000006,255,456,0.7803851,-0.7329429,2959,1.0,365,1535,741,
65_0,2996.6028,279,500,0.747154,-0.70725995,2916,1.0,422,1922,973,
64_0,2918.5674,240,423,0.81107306,-0.7647386,3173,1.0,331,1651,753,
60_0,2775.6168000000002,241,442,0.78222084,-0.73525006,2897,1.0,354,1620,772,
55_0,2765.8936000000003,225,416,0.80755395,-0.7575051,3015,1.0,321,1530,698,
57_0,2746.0116000000003,235,434,0.7957317,-0.74311924,2945,1.0,335,1525,718,
59_0,2934.7709,291,495,0.7372395,-0.7063186,2876,1.0,435,1811,922,
258_0,5126.622600000001,1068,1720,0.12972857,-0.21155168,2643,0.0,2036,3051,2597,
260_0,5854.244200000001,1445,1990,0.121548,-0.2,2985,0.0,2338,3437,2834,
259_0,6323.0726,1471,2175,0.11557789,-0.19354838,3219,0.0,2552,3726,3024,
426_0,5295.5281,1118,1658,0.18565485,-0.28688172,2992,0.0,2055,3055,2477,
425_0,4368.424300000001,829,1187,0.25859937,-0.36353886,2543,0.0,1498,2843,2301,
424_0,4525.9426,886,1260,0.2164053,-0.33350965,2521,0.0,1624,2939,2425,
422_0,4702.3992,929,1354,0.2147944,-0.32266134,2644,0.0,1709,2961,2443,
423_0,4850.7985,977,1396,0.20258813,-0.31752628,2695,0.0,1787,3036,2553,
415_0,5003.6928,968,1424,0.20964175,-0.31522,2735,0.0,1787,3307,2707,
406_0,4931.4689,1060,1601,0.15559518,-0.23634629,2592,0.0,1894,3035,2461,
405_0,4898.7708,1106,1620,0.10493685,-0.195231,2406,0.0,1949,3020,2596,
409_0,4673.5586,1000,1556,0.11596244,-0.20874651,2377,0.0,1883,2816,2335,
408_0,4887.4371,964,1594,0.15188763,-0.24419156,2624,0.0,1932,2964,2293,
407_0,4599.4902,1044,1650,0.08743961,-0.15406306,2251,0.0,1889,2730,2221,
416_0,4463.392,873,1242,0.21603227,-0.32019705,2412,0.0,1555,3039,2499,
411_0,4950.143100000001,842,1326,0.2780136,-0.3885174,3011,0.0,1701,3168,2470,
410_0,4322.4433,1082,1625,0.06964944,-0.17596349,2319,0.0,2017,1992,1554,
418_0,7570.5476,1563,2438,0.121506326,-0.21984,3812,0.0,2986,4764,3957,
417_0,3396.6559,623,879,0.35114503,-0.4145854,2124,0.0,1020,2294,1756,
404_0,647.2473,245,311,0.26610646,-0.18479685,452,0.0,262,133,96,
414_0,5058.2390000000005,973,1421,0.19772528,-0.31666267,2738,0.0,1834,3348,2769,
413_0,3493.3445,319,711,0.76875,-0.676082,3679,0.0,481,1790,849,
412_0,3648.5433000000003,482,727,0.6764932,-0.6362272,3270,0.0,631,2374,1217,
